featureID	sC0C	s1C3A	s1C3B	s1C5A	s1C5B	s1C7A	s1C7B	s1C10A	s1C10B	s1C20A	s1C20B	s2C3A	s2C3B	s2C5A	s2C5B	s2C10A	s2C10B	s1M3A	s1M3B	s1M3C	s1M5C	s1M5A	s1M5B	s1M7A	s1M7B	s1M7C	s1M10A	s1M10B	s1M10C	s2M3A	s2M3B	s2M3C	s2M5A	s2M5B	s2M7A	s2M7B	s2M10B	s2M10A	s2M10C	s3M3A	s3M3B	s3M3C	s3M5A	s3M5B	s3M5C	s3M7A	s3M7B	s3M7C	s3M10A	s3M10B	s3M10C	s1G3A	s1G3B	s1G3C	s1G5A	s1G5B	s1G5C	s1G7A	s1G7B	s1G7C	s1G10A	s1G10B	s1G10C	s2G3A	s2G3B	s2G3C	s2G5A	s2G5B	s2G5C	s2G7A	s2G7B	s2G7C	s2G10A	s2G10B	s2G10C	s3G3A	s3G3B	s3G3C	s3G5A	s3G5B	s3G5C	s3G7A	s3G7B	s3G7C	s3G10A	s3G10B
OTU_1	6	11	13	30	15	23	25	5	8	0	0	42	39	3	22	0	1	59	94	36	89	82	88	38	34	52	69	63	77	38	31	31	33	18	28	23	38	5	4	6	27	45	9	6	9	2	4	11	19	25	22	20	18	30	16	7	15	12	12	4	7	10	13	12	16	19	45	23	30	5	4	8	1	3	2	32	30	46	1	14	10	6	3	1	16	16
OTU_2	17546	18302	32674	15446	22216	25011	21224	13067	13340	6896	12902	16708	15848	10566	24878	14849	14128	1179	2121	1224	2216	2054	1681	945	742	2023	2633	2345	2937	21662	26784	20862	17399	24527	25233	14729	10692	42046	56298	13093	10139	7693	23763	25159	15111	22189	11996	31216	17838	12257	19679	9700	4428	12766	6927	9794	10329	5375	5177	3760	3191	5961	6060	26573	25968	35296	13480	17081	21216	19921	19616	18845	12561	11609	7390	7112	6869	8322	9792	21106	39348	24470	34872	33561	16779	15614
OTU_3	3169	3033	4495	3138	4601	3633	1919	2952	2110	5739	7783	1552	1328	597	1315	2426	1821	756	1293	714	530	715	937	254	247	549	1464	1495	1298	1334	1432	1115	861	925	1064	830	1001	3192	2086	801	639	414	1514	1250	1272	2374	1785	1073	4207	1275	2274	3455	2142	2717	1522	2083	1888	2399	3849	1881	1502	1202	2636	3331	3828	7116	1729	2759	2600	3918	6140	3456	4906	7547	3593	424	610	599	993	2016	1433	3008	1979	2067	4900	2027
OTU_4	5243	3526	4658	2475	5861	5526	3808	4545	4121	4551	7429	12612	6432	5007	15282	16938	16987	3724	5802	3281	6647	8444	9214	1417	1296	3601	5878	4658	5997	14278	20531	15602	14969	17724	18452	15174	9510	30080	23869	4660	7512	4111	19999	29446	7436	13616	24846	17928	19104	11308	11368	29020	18697	29632	65195	58453	62564	35675	42014	39716	12377	14378	29203	23539	28539	28814	10011	10033	19739	27367	27639	34537	23663	17761	16951	8560	7179	6226	10400	21570	21360	27375	29348	27454	26958	15939
OTU_5	3809	1128	1313	1989	3024	2419	1540	1956	869	2546	3031	943	798	1123	2027	3723	4327	608	736	360	309	349	429	233	181	302	1177	611	815	4546	7792	7484	7470	8590	7619	5866	4654	13865	5190	48631	12606	12295	56349	20805	41872	29340	12847	17129	22577	7156	26149	1001	758	999	1261	1350	1164	1871	1257	1666	4174	2493	4494	7699	3374	8384	3468	9138	4099	6341	6504	5272	3236	10467	1954	1086	923	1287	2062	3568	2621	7346	3789	4428	9243	2211
OTU_6	9546	13226	18642	23944	15878	20226	27774	5608	6964	5674	1535	44735	56886	3899	14414	970	1081	81683	91515	55775	92462	95217	97059	32920	37103	60037	90129	66115	92018	50067	34742	34250	36904	17860	22157	18438	39492	3955	3747	2578	31297	47813	9500	3636	5900	3831	3184	11193	17951	26464	27195	22919	17614	26890	8393	11258	12172	10890	8694	3606	9008	9736	12267	15430	12867	19928	40673	26589	40337	5712	3832	4371	2596	1446	1106	40081	44125	58103	965	8503	5516	3122	3349	3948	17786	31737
OTU_7	1830	13726	26926	6587	22043	4882	2085	1844	1778	876	2000	3335	7702	2300	5697	6958	8323	574	536	342	243	351	389	130	83	217	363	238	418	4952	10747	7401	12759	18478	11669	5732	966	3135	9704	3057	5686	16845	11210	10393	3859	5505	11878	13053	4030	4011	4750	19167	16826	10141	512	1029	2274	486	637	358	149	328	380	1351	353	582	288	301	417	481	307	377	257	265	160	2672	4127	5853	1875	5312	5827	5316	4719	6523	4546	716
OTU_8	1913	786	1695	1043	2645	3758	3092	8430	8731	8495	19404	6255	5182	4020	11625	27890	48458	482	639	557	254	298	266	87	165	250	330	882	659	227	328	264	406	1167	836	992	5120	3728	1787	976	297	278	3780	9532	8579	6744	19340	17546	8331	15479	16778	941	373	487	639	744	770	1280	2027	1555	497	828	2950	1184	1731	952	2872	3564	2986	20216	21711	26394	41225	22831	21004	2689	1299	2436	12711	23268	35308	66777	35764	36097	68697	35174
OTU_9	321	282	357	14705	11055	23966	32521	4856	5427	351	398	21535	14501	7687	39936	511	401	302	388	224	242	240	278	112	94	143	234	189	247	191	169	331	336	368	4305	38514	18717	70	65	1492	6159	2470	3743	22806	11157	9924	1058	21067	6274	418	1620	202	204	220	135	134	142	121	91	80	53	88	101	495	266	2622	18417	42580	22087	19269	33186	25329	1157	701	1289	4036	4714	4185	789	4424	6726	2787	2274	5581	319	473
OTU_10	1329	288	856	272	4432	290	141	1410	1309	1704	1895	1804	1410	274	5056	3900	1942	294	228	256	285	418	292	65	338	1137	1242	5626	4150	189	1324	78	240	601	793	1050	655	3615	1250	293	74	72	12608	8931	2548	5341	18078	11496	12691	5939	7273	143	363	822	427	315	371	76	430	352	141	391	725	223	1031	323	260	718	452	2424	2305	4938	13432	12877	8319	682	156	516	3203	842	4900	5855	3639	2839	4891	5905
OTU_11	6420	885	1365	707	1349	2259	1424	6564	8284	3379	3089	710	595	1219	5287	1580	2084	1417	1350	947	289	293	263	172	179	228	1840	1227	2033	190	323	192	517	408	1422	2360	2843	21902	4545	57	91	116	169	1803	135	1086	3876	3776	13597	3052	4318	1527	793	1278	411	246	370	902	600	576	1399	2834	5853	468	190	314	1281	515	806	2837	4801	3575	9110	2765	4926	588	232	176	2415	5985	11292	10000	9041	12080	8651	8167
OTU_12	16436	4058	6115	1958	5989	2522	1090	9774	8038	6307	7325	866	636	162	1424	1054	241	9750	7592	8184	757	1588	905	1403	391	464	15587	2290	4260	515	695	2052	4481	1103	6252	3014	1284	6005	181	32	70	89	165	476	210	172	995	394	2460	714	377	4063	4099	5534	459	250	523	198	185	156	200	607	1001	165	128	162	208	40	58	112	76	107	717	88	176	26	19	27	46	85	122	317	109	135	248	86
OTU_13	4254	1032	1325	431	1698	2931	1466	2581	3799	1548	4732	1208	1455	1208	2866	2572	3902	2357	1640	1685	226	286	141	170	107	65	1746	269	636	63	763	484	1149	988	2694	2431	7097	6167	1242	100	119	68	1535	3764	385	1910	1757	2363	5600	2782	2615	942	753	975	72	54	76	39	38	28	34	106	118	58	34	41	61	75	70	141	157	549	1284	598	1459	43	67	70	568	2645	5541	805	3301	2791	1688	2453
OTU_14	112	288	255	107	309	81	42	24	49	47	68	25	81	19	46	254	786	25	29	24	27	32	39	23	11	22	47	22	37	150	613	754	578	488	629	222	224	3613	394	60	59	68	135	113	55	83	176	99	231	115	131	673	329	292	341	146	180	132	54	63	97	41	129	178	190	163	77	79	124	259	149	207	175	126	143	96	57	111	68	150	177	156	191	184	344	126
OTU_15	1924	253	214	256	591	542	211	1196	1363	2639	3098	104	103	100	199	773	40	179	146	90	43	40	38	31	16	28	460	93	315	23	36	17	14	9	22	5	8	0	0	14	13	7	18	13	12	6	10	15	0	0	3	141	125	121	33	22	31	19	19	25	10	20	33	16	15	18	18	19	12	9	15	24	11	15	7	9	9	10	2	10	13	15	15	14	1	58
OTU_16	72	10	24	28	86	54	34	15	24	37	45	20	22	67	90	170	378	9	11	6	1	2	5	1	1	2	24	18	22	19	74	88	94	137	277	170	118	428	127	17	15	27	302	250	50	221	217	284	329	92	113	12	8	10	3	4	4	5	3	0	11	8	6	20	6	14	71	60	101	312	296	331	267	96	112	17	23	20	88	271	363	238	318	360	254	157
OTU_17	6	4	6	3	0	2	0	0	0	1	1	6	35	0	0	1	2	8	28	13	1	6	2	0	0	1	2	4	2	13	36	4	2	7	4	1	2	112	26	0	0	1	5	3	0	0	0	2	31	14	21	7	3	9	2	3	0	0	0	0	0	0	1	12	5	10	0	0	1	0	0	3	0	0	1	4	0	1	0	0	1	0	1	0	51	21
OTU_18	0	0	0	0	0	0	0	0	0	2	5	0	1	0	8	3	8	0	0	0	0	0	0	0	0	0	0	1	0	0	0	10	13	7	12	7	8	3	1	3	7	6	10	10	8	9	7	8	0	0	0	0	0	0	0	0	0	0	0	0	0	0	0	0	0	0	7	7	3	2	4	6	5	5	4	3	4	5	5	2	5	0	7	10	0	1
OTU_20	20	60	17	21	24	17	6	37	7	67	31	343	41	36	25	56	3	8	12	8	1	2	4	0	2	2	5	1	3	7	18	3	4	11	3	4	11	28	5	8	9	5	35	50	23	26	39	50	7	12	3	32	11	5	2	7	6	1	0	5	2	0	1	4	2	1	5	2	2	7	9	67	2	3	5	3	9	9	6	78	72	15	35	40	14	11
OTU_21	0	0	0	1	0	0	0	0	0	0	0	0	0	0	0	0	0	1	0	0	0	0	0	0	0	0	0	0	0	0	0	0	0	0	0	0	0	24	12	0	0	0	0	0	0	0	0	0	12	17	11	0	0	0	0	0	0	0	0	0	0	0	0	0	0	0	0	0	0	0	0	0	0	0	0	0	0	0	0	0	0	0	0	0	19	17
OTU_22	551	50	81	15	69	32	20	54	170	85	50	3	3	2	2	10	0	97	91	50	12	12	17	2	4	10	67	38	102	5	6	0	0	2	1	0	0	0	0	1	1	0	1	1	1	1	0	0	0	0	0	98	62	81	12	6	8	4	11	6	5	4	4	6	6	4	0	1	0	1	1	2	2	1	0	0	2	0	0	1	0	0	1	1	0	0
OTU_23	59	24	39	36	44	40	29	34	27	49	67	21	23	13	21	54	66	10	24	10	15	20	12	7	5	10	24	29	27	49	63	60	58	77	62	42	42	196	86	62	26	18	79	52	58	59	61	54	69	25	67	65	36	61	99	90	90	83	89	79	50	29	66	87	97	112	28	34	52	70	78	81	70	98	62	9	6	8	23	45	28	59	43	50	68	29
OTU_24	35	22	30	20	47	31	22	16	14	35	37	8	4	4	8	9	19	6	10	9	0	8	10	2	1	8	27	15	16	14	18	26	24	19	41	16	17	67	40	4	5	1	5	8	4	5	10	5	9	5	4	33	10	21	21	19	13	12	18	11	8	8	14	26	21	38	9	12	10	31	21	36	25	36	17	1	3	1	2	6	3	12	2	12	11	7
OTU_25	1	0	2	70	53	97	156	23	27	1	1	183	106	16	70	0	4	2	1	3	1	0	1	1	1	2	4	1	2	4	3	0	0	0	8	63	42	1	0	2	17	8	12	37	28	20	3	37	11	1	4	1	4	3	2	1	1	0	0	0	0	0	1	0	3	14	101	105	68	30	43	32	3	1	0	13	16	18	1	8	12	7	4	12	1	4
OTU_26	1	0	4	0	1	0	0	0	0	0	0	2	6	0	0	0	2	0	3	1	0	0	0	0	0	0	0	0	0	4	6	0	0	0	2	0	0	22	10	0	0	0	1	0	0	0	0	1	12	6	11	1	3	2	0	0	0	0	0	0	0	0	0	1	1	2	0	0	0	1	0	1	0	0	0	0	0	1	0	0	0	0	0	0	16	4
OTU_27	10	4	2	3	8	7	3	2	1	2	11	0	1	0	2	1	5	1	2	2	2	0	4	0	1	0	3	4	1	14	17	20	40	17	23	10	20	591	127	3	2	1	4	7	1	2	5	8	16	14	15	12	7	4	22	15	6	22	12	8	13	4	24	30	12	9	7	6	5	17	13	7	19	8	9	3	0	0	3	3	4	5	4	5	30	20
OTU_28	1	5	5	27	31	25	20	24	11	21	25	36	30	8	39	7	8	2	4	2	2	2	3	1	0	1	4	3	3	5	3	7	9	10	17	19	15	4	1	5	9	1	17	39	24	39	14	27	12	2	8	5	3	2	1	4	1	5	6	8	2	0	3	8	7	44	43	36	40	56	83	63	28	32	23	2	7	6	12	20	23	27	18	21	7	4
OTU_29	2	2	3	0	1	1	1	0	0	0	0	0	1	0	0	1	0	0	2	0	1	0	0	0	0	0	0	0	0	2	1	2	1	0	0	1	0	21	9	0	0	1	0	3	0	0	3	1	10	7	9	2	1	0	0	0	0	0	0	0	0	0	0	1	1	1	0	0	0	1	0	0	0	0	0	1	0	0	0	0	1	0	0	0	9	6
OTU_30	76	32	29	6	26	58	28	48	105	54	160	15	27	41	108	79	142	49	39	34	1	0	4	2	0	2	30	10	7	1	7	22	32	29	61	59	224	114	23	1	3	0	29	108	10	58	53	78	114	76	55	22	13	11	1	1	0	0	0	0	0	4	1	2	1	0	0	5	1	5	11	18	31	22	62	1	0	2	19	88	167	27	109	95	40	63
OTU_32	1	3	1	1	1	0	1	1	0	2	0	6	13	1	1	3	1	4	4	2	2	4	0	1	0	1	1	0	2	16	42	4	7	6	1	1	0	15	0	0	4	0	1	2	2	0	1	3	2	1	1	0	0	0	0	0	1	0	0	0	0	0	0	5	0	7	1	2	1	2	0	2	0	1	1	0	0	4	0	3	2	2	0	1	0	2
OTU_33	2	1	3	5	2	1	1	0	0	0	0	1	9	0	0	0	0	0	7	3	0	3	0	0	0	1	0	0	0	8	10	3	3	3	2	0	0	29	10	0	0	0	1	3	0	0	1	4	9	6	10	5	4	0	1	2	1	0	0	0	0	0	1	3	0	6	0	0	0	2	2	1	0	0	0	0	2	1	1	1	0	1	1	0	7	4
OTU_34	27	8	15	1	13	7	2	0	0	12	33	4	3	0	1	33	13	3	4	3	0	1	1	1	0	1	30	19	12	19	24	13	21	19	12	7	7	106	29	5	1	4	18	8	7	14	15	12	32	17	48	6	5	5	1	5	2	6	1	5	10	5	16	10	8	27	6	4	11	11	8	14	15	13	11	0	0	2	9	2	11	15	12	5	85	26
OTU_35	11	2	2	2	1	2	1	17	13	1	3	4	0	2	6	2	1	1	1	0	0	2	0	1	0	0	3	3	3	0	0	1	1	1	3	5	6	26	4	0	1	0	2	4	1	4	7	6	14	4	6	3	1	2	1	0	1	2	1	0	0	4	7	0	0	1	1	1	0	5	7	3	11	9	6	0	0	0	8	7	16	17	12	29	14	11
OTU_36	11	6	5	2	32	3	1	12	10	3	4	18	16	0	17	14	1	4	4	5	3	8	6	2	3	13	12	102	76	8	11	0	1	3	1	0	4	9	2	1	0	0	30	13	6	13	46	44	37	14	24	1	4	11	3	4	4	0	7	2	2	4	17	5	10	4	1	2	1	4	4	13	33	22	21	4	4	1	5	0	18	16	5	6	16	28
OTU_37	1	0	0	0	1	1	0	2	3	7	6	4	1	2	21	29	19	0	0	0	0	0	0	0	0	1	2	9	3	0	0	0	0	1	7	4	5	13	2	0	0	0	35	24	27	18	75	51	46	32	32	0	0	1	1	0	0	1	1	1	0	1	3	0	0	0	1	0	0	14	12	28	78	65	44	3	2	1	11	5	40	63	22	12	59	29
OTU_39	3	2	1	1	0	1	0	3	2	2	6	1	4	1	9	6	6	0	0	0	3	1	2	0	0	0	2	3	6	1	7	1	5	6	6	7	2	27	23	2	0	3	6	12	3	10	11	11	29	8	16	16	2	5	8	6	9	7	11	13	5	9	35	3	4	5	1	3	9	10	13	9	22	11	8	5	3	2	11	17	23	32	28	30	57	9
OTU_40	2	5	8	9	7	15	13	5	7	3	3	26	8	9	30	11	6	0	1	0	0	1	1	0	0	1	2	0	1	3	3	8	11	9	16	5	4	4	0	7	4	2	9	30	14	28	8	42	4	1	4	2	1	2	0	2	0	1	2	0	0	2	1	9	3	10	10	17	25	17	23	11	2	4	4	3	7	8	3	9	25	16	13	15	1	2
OTU_41	20	19	34	40	51	56	82	26	24	11	20	79	51	33	139	41	34	7	6	3	6	5	13	2	1	11	8	9	9	30	51	26	36	55	51	161	54	80	120	24	26	7	55	158	32	55	44	136	47	27	37	20	12	24	33	34	46	16	19	14	7	11	23	39	41	78	75	83	110	107	155	157	27	29	21	29	30	20	22	56	94	73	90	85	55	29
OTU_42	2	7	2	0	5	3	1	0	2	1	0	2	1	1	2	7	31	3	2	0	1	1	1	0	2	0	0	0	1	8	21	13	14	17	15	5	6	101	18	0	1	1	4	8	2	2	7	5	2	1	3	34	8	11	18	10	7	16	1	11	4	3	12	9	9	5	7	4	4	6	9	8	6	3	3	1	1	2	1	9	11	11	7	13	13	4
OTU_43	155	54	51	16	33	12	6	5	2	1	3	5	4	0	0	0	0	36	32	18	6	6	3	0	0	0	7	8	7	2	3	1	0	0	0	0	0	0	0	0	0	0	0	0	0	0	0	0	0	0	0	23	28	31	8	3	4	2	4	1	5	2	8	1	0	4	0	0	0	0	0	0	0	0	0	0	0	0	0	0	0	0	0	0	0	0
OTU_44	8	2	2	4	6	6	2	12	10	24	14	2	3	4	5	7	11	2	4	1	1	2	1	0	0	1	5	4	10	2	0	1	3	2	11	1	6	46	12	0	1	4	4	8	1	8	12	7	21	4	13	7	1	5	4	1	5	7	7	5	2	6	28	8	0	6	5	4	8	5	18	8	30	18	21	1	1	2	5	14	12	31	17	19	61	19
OTU_45	1	0	1	0	1	0	0	4	4	5	5	3	3	1	9	19	19	0	0	0	0	0	1	0	0	0	0	3	3	0	0	0	0	0	0	0	1	6	4	1	0	0	8	16	7	8	31	18	10	16	18	0	0	0	0	0	0	1	1	0	0	0	1	0	0	1	4	3	1	11	18	11	40	25	22	1	1	1	9	7	31	51	20	22	56	37
OTU_46	27	3	4	2	5	9	8	27	32	7	2	6	4	1	5	0	0	11	7	13	3	3	1	2	1	1	11	17	23	1	1	0	1	1	1	2	6	20	7	0	0	0	0	4	0	2	3	12	16	5	9	19	11	3	0	0	1	6	1	3	12	9	21	3	1	2	5	1	2	4	7	2	6	2	3	2	1	0	1	7	21	12	16	15	13	23
OTU_47	6	0	1	1	2	9	5	14	13	13	33	9	5	10	21	29	57	1	1	2	1	2	0	0	0	0	1	2	3	0	1	3	7	3	9	7	38	33	3	0	0	0	13	48	4	20	17	29	36	33	21	4	0	2	0	0	0	1	0	0	0	1	1	0	0	0	2	0	0	2	2	7	10	8	17	0	1	0	3	32	76	19	43	33	38	34
OTU_48	2	0	0	0	0	4	6	5	4	3	12	9	11	4	20	17	22	0	0	0	0	0	0	0	0	0	0	0	0	0	0	0	0	0	1	1	1	0	0	0	0	0	3	15	8	8	18	27	2	2	2	0	0	1	1	0	0	1	1	0	0	0	1	0	1	1	5	6	5	29	28	23	24	15	12	7	2	1	9	16	39	49	22	32	4	1
OTU_49	3	1	3	3	4	13	11	23	25	23	36	16	14	12	29	58	114	1	0	3	0	1	0	0	0	0	2	0	1	0	1	0	0	1	2	7	18	5	5	1	1	0	10	33	17	21	34	36	32	41	43	1	1	2	1	0	1	1	1	2	0	0	1	0	0	1	5	6	4	18	14	24	51	29	36	2	0	3	20	72	126	70	72	88	100	72
OTU_50	0	0	0	4	4	6	7	3	1	0	2	18	8	3	25	6	2	2	2	0	1	1	1	0	0	3	1	1	0	2	3	3	2	2	9	20	6	1	1	5	7	3	6	28	6	11	4	21	11	2	0	2	0	3	6	9	6	1	6	3	2	1	5	3	2	2	12	15	15	18	23	24	3	3	5	1	4	5	4	8	10	7	12	13	0	1
OTU_51	20	4	14	6	61	11	11	25	17	27	21	33	25	6	85	48	34	12	7	3	22	17	12	3	11	24	38	129	103	8	29	17	14	22	31	27	23	79	56	21	7	8	217	175	67	147	187	224	162	77	115	6	6	10	5	10	11	6	11	10	3	10	16	7	18	21	21	26	16	38	48	64	109	141	75	20	18	21	26	34	88	70	63	63	73	51
OTU_52	3	10	9	13	8	23	23	2	4	5	0	39	43	4	16	0	1	52	59	42	65	90	90	27	22	61	56	59	68	54	25	34	32	12	15	11	30	1	0	1	25	35	7	1	7	2	1	4	8	12	22	23	9	30	8	11	15	16	4	1	5	9	15	18	13	18	43	20	26	1	4	2	2	1	0	29	23	52	0	8	4	3	2	3	15	20
OTU_53	3	3	7	2	8	0	1	0	0	1	1	0	2	0	1	6	29	0	0	0	0	0	1	0	0	0	1	0	1	2	16	7	8	8	8	6	1	67	10	2	2	1	5	0	1	1	4	0	3	1	0	15	1	4	7	0	2	1	1	1	1	2	7	10	6	5	3	0	2	7	2	2	4	3	4	2	0	1	1	5	2	10	4	3	7	1
OTU_54	0	0	0	20	14	34	45	7	9	0	0	27	27	5	28	0	0	0	0	0	0	3	1	0	0	1	0	0	0	0	0	3	0	1	2	23	12	0	0	1	2	1	5	13	10	8	2	17	8	1	0	2	0	0	0	0	0	0	1	0	0	0	0	0	0	6	11	42	10	5	19	8	0	0	0	1	2	4	0	3	2	0	1	6	0	1
OTU_56	0	0	0	0	0	1	0	3	1	4	6	2	3	0	6	15	11	0	0	0	0	0	0	0	0	0	0	0	0	0	0	0	0	0	1	0	1	4	1	0	1	0	4	13	3	8	24	15	11	9	19	0	0	1	0	0	0	1	0	0	0	0	0	0	0	0	2	0	0	5	5	9	30	24	22	1	1	1	6	2	24	38	10	15	55	21
OTU_57	7	2	5	0	2	6	1	13	10	15	6	3	2	3	1	2	5	0	0	2	1	0	0	0	0	0	8	4	4	0	1	0	1	1	6	3	3	38	6	0	1	0	0	6	0	2	4	6	19	2	5	3	2	0	1	0	0	1	1	2	2	2	13	0	1	2	2	2	1	7	9	2	23	8	7	0	0	0	3	14	19	13	14	11	22	9
OTU_58	2	3	4	4	2	1	7	6	1	2	4	4	0	3	5	3	4	0	1	0	0	0	0	1	0	0	3	0	0	0	2	4	1	3	7	6	1	23	25	0	0	3	6	4	2	5	6	11	16	6	9	1	0	1	0	4	0	2	1	0	1	3	3	3	2	7	1	2	3	5	2	4	5	3	2	3	0	0	1	10	24	8	13	11	21	14
OTU_59	1	0	0	1	3	0	1	2	0	2	3	7	4	1	13	3	2	0	0	0	0	1	0	0	0	0	1	2	0	0	0	0	0	1	1	7	1	0	0	0	0	0	24	25	17	21	31	31	8	2	3	0	0	0	1	1	0	0	0	0	0	0	0	0	0	0	2	9	0	6	9	12	17	17	8	4	0	2	4	3	11	8	1	5	2	0
OTU_60	1	1	0	0	2	3	3	3	0	3	3	5	4	1	21	5	6	0	0	0	0	0	2	0	0	1	1	0	3	1	1	10	10	10	13	19	14	0	0	2	2	5	12	44	10	21	9	18	6	1	4	9	4	4	7	6	7	4	4	8	2	4	5	2	3	5	16	9	18	29	39	28	12	12	8	9	5	2	5	15	17	18	8	17	4	3
OTU_61	2	1	0	1	2	0	1	1	0	2	1	9	3	2	6	2	1	1	3	0	3	2	8	0	0	1	1	7	5	6	13	8	3	6	2	4	1	5	4	1	3	2	5	5	1	2	2	2	3	3	1	13	7	21	31	34	36	15	18	21	2	2	11	7	11	12	3	0	4	1	6	5	3	0	3	2	1	0	4	4	3	8	5	3	7	9
OTU_62	1	0	0	0	6	0	0	4	4	2	1	2	1	0	7	7	5	1	1	0	0	0	0	0	0	1	2	2	5	0	2	0	1	0	0	2	5	7	2	0	0	0	20	24	2	7	15	14	27	6	15	1	0	2	0	0	0	0	0	0	0	0	0	0	0	0	0	1	0	3	1	1	14	2	8	0	0	0	0	1	11	9	9	3	10	11
OTU_63	39	28	51	41	61	34	44	30	22	22	30	25	22	9	28	19	31	6	12	4	5	2	8	5	2	6	19	15	17	42	42	27	30	24	32	54	27	94	106	10	15	13	17	22	14	25	18	29	15	12	26	20	8	21	7	16	7	8	12	6	9	4	11	27	25	40	17	32	30	17	43	38	16	24	13	5	7	13	8	16	31	28	21	18	24	17
OTU_64	2	1	3	1	1	1	0	1	1	1	8	1	1	3	1	8	16	0	1	0	0	1	1	0	0	0	0	0	0	2	15	8	16	10	14	6	2	83	10	8	2	2	8	10	2	9	6	3	6	3	4	6	2	4	2	1	3	6	0	4	3	0	6	3	1	2	3	2	3	10	2	5	2	2	3	2	0	2	1	3	2	6	4	4	9	3
OTU_65	1	0	0	0	2	0	0	4	0	5	1	0	0	1	9	4	3	0	0	0	0	0	1	0	0	1	1	6	6	0	0	0	0	0	1	1	1	4	2	0	0	0	4	10	1	6	16	2	29	1	12	0	0	0	0	0	0	0	1	0	0	1	2	0	1	0	0	0	0	1	5	2	20	9	10	0	0	0	1	1	6	24	8	5	23	13
OTU_67	12	17	22	31	21	26	27	5	11	3	1	61	49	3	22	1	4	93	129	67	122	104	123	35	32	61	96	76	99	71	53	52	34	21	25	16	53	3	5	7	35	67	13	6	6	5	1	10	11	20	14	35	23	34	7	9	18	13	14	1	10	10	14	29	16	23	43	37	52	8	8	5	2	0	1	38	56	63	0	12	5	6	4	4	10	22
OTU_68	0	0	0	0	1	0	0	3	0	5	2	3	0	0	5	6	7	0	0	0	0	0	1	0	0	0	0	2	2	0	2	0	0	1	0	1	0	8	1	0	0	0	9	7	6	7	37	18	14	11	15	0	0	0	1	0	0	0	1	0	0	1	1	0	0	1	0	0	2	1	6	4	23	24	8	0	0	1	6	4	3	5	14	5	14	15
OTU_69	8	1	3	0	2	0	2	6	7	6	0	1	0	0	9	2	1	0	1	2	1	0	0	0	0	0	0	0	0	0	0	0	0	0	2	0	1	21	8	1	0	0	1	1	1	0	3	3	16	1	2	3	1	3	0	1	0	0	0	0	0	1	5	0	0	1	2	0	1	2	4	4	5	2	3	1	1	0	0	9	15	12	10	12	9	8
OTU_70	2	5	11	2	1	1	0	5	0	0	2	0	2	0	3	4	4	2	0	0	0	1	0	0	0	0	0	0	0	1	3	3	3	4	4	2	0	2	10	0	1	4	0	9	2	1	11	14	3	4	2	12	4	2	0	0	0	1	2	0	0	0	3	0	0	0	0	0	1	0	1	0	0	0	0	1	1	2	0	8	9	15	2	11	14	2
OTU_71	4	2	3	2	1	2	0	2	0	2	2	0	2	0	3	7	20	0	1	0	0	0	0	0	1	0	0	1	2	7	16	10	25	19	18	3	3	65	8	8	3	4	21	13	8	9	6	9	18	5	20	5	0	0	3	1	1	3	1	5	4	1	7	5	9	9	4	3	1	5	9	1	3	5	2	1	1	1	0	3	3	6	5	4	13	0
OTU_72	11	1	2	1	2	3	0	13	8	5	0	3	1	1	4	3	1	1	3	2	1	3	1	0	0	2	4	5	4	0	1	0	1	1	0	5	0	21	1	0	1	0	0	3	0	2	1	2	16	2	6	1	2	3	1	0	1	3	1	0	0	5	8	2	0	0	2	0	2	3	2	1	7	1	2	2	0	0	0	5	2	7	6	7	7	9
OTU_73	1	0	2	2	1	0	1	0	0	0	0	12	11	0	0	0	0	9	15	7	11	16	26	2	0	9	15	12	16	9	5	4	7	2	2	3	5	1	0	0	2	2	1	0	0	0	0	0	1	1	2	3	1	6	0	0	2	1	4	0	0	2	2	3	2	4	10	1	8	0	0	0	0	0	0	4	4	3	0	0	0	0	0	0	2	2
OTU_74	22	6	0	0	4	9	2	13	11	15	14	3	1	0	1	2	3	13	7	19	0	0	0	1	0	0	18	1	3	0	2	1	5	2	6	2	6	9	1	1	0	1	1	2	0	1	1	3	3	1	1	1	0	5	0	0	1	0	1	0	0	0	0	0	0	0	0	0	0	0	0	0	0	0	0	0	0	0	0	1	1	1	2	0	0	0
OTU_75	3	0	1	2	0	2	1	1	0	1	0	3	4	0	2	6	10	1	1	1	2	1	0	0	1	0	1	2	3	3	4	1	2	6	5	5	2	10	6	1	3	1	5	13	2	4	8	7	4	1	1	13	4	2	27	26	33	23	45	44	2	6	27	10	9	17	2	3	4	11	9	19	10	5	8	1	1	1	3	8	6	15	13	14	9	4
OTU_76	1	0	0	0	0	0	3	8	5	2	1	3	1	0	9	0	1	1	1	0	0	0	0	0	0	1	0	0	0	0	0	1	1	0	0	5	2	1	1	1	0	0	0	7	0	1	5	6	4	0	1	1	1	1	0	0	0	0	0	0	0	2	0	0	0	0	3	0	2	5	6	10	7	2	6	0	0	0	3	9	13	12	6	13	1	2
OTU_77	0	0	0	2	1	5	18	5	0	0	0	5	8	4	11	0	2	0	0	1	0	0	1	0	0	0	0	0	0	0	0	0	0	0	3	22	11	0	0	0	4	3	1	1	5	4	0	6	2	0	0	0	0	1	0	0	1	0	0	0	0	0	0	0	1	0	8	18	14	4	11	7	0	0	1	0	2	0	0	3	3	1	0	4	0	0
OTU_78	0	0	0	2	3	0	3	2	0	0	0	6	4	2	8	0	0	1	0	0	0	0	0	0	0	0	0	0	0	0	0	0	0	0	1	8	9	0	0	0	1	0	5	20	2	7	0	20	6	0	1	0	0	0	0	0	0	0	0	0	0	0	0	0	0	0	5	10	7	10	11	9	0	0	0	1	2	1	0	2	3	3	1	2	1	3
OTU_79	0	2	0	0	1	0	0	3	2	0	4	1	5	0	2	11	14	0	0	0	0	0	0	0	0	0	0	0	1	0	0	0	1	0	1	0	0	1	0	0	1	0	0	2	1	2	3	7	6	6	4	0	0	0	0	1	0	0	0	0	0	0	0	0	0	0	1	0	0	2	2	4	4	10	3	0	0	0	3	11	16	13	8	8	15	14
OTU_80	3	0	1	0	1	1	1	5	4	2	3	1	2	0	4	2	8	1	0	0	0	0	0	0	0	0	2	1	1	0	1	0	1	3	3	2	2	5	1	0	0	0	7	14	2	5	7	9	14	2	6	0	0	0	0	0	0	0	0	0	0	0	1	0	0	0	0	0	0	1	0	1	3	5	3	0	0	0	1	1	14	0	3	0	1	4
OTU_81	1	0	1	0	1	3	0	2	1	2	0	6	3	3	11	3	2	1	0	0	1	0	1	0	0	1	1	2	0	2	3	4	3	3	3	13	3	1	1	2	5	1	9	17	3	6	6	12	7	2	0	2	1	4	3	3	7	2	1	2	1	2	4	3	0	4	2	3	14	13	27	21	8	4	2	0	3	0	1	8	8	8	11	4	1	0
OTU_82	0	0	1	0	1	0	0	1	0	2	1	1	1	0	0	2	8	0	0	0	1	0	0	0	0	0	0	0	0	0	0	1	0	0	1	0	1	0	1	0	0	0	0	2	2	0	2	3	2	4	4	0	0	0	0	0	0	1	0	0	0	0	4	0	1	1	0	1	0	0	3	0	6	3	5	0	0	1	1	8	10	13	6	8	26	9
OTU_83	15	4	0	2	6	3	2	8	10	4	4	1	0	1	0	0	1	5	5	6	1	0	0	0	0	0	5	0	0	0	2	0	5	3	4	0	4	9	1	0	0	0	2	1	0	1	1	0	2	2	0	2	0	2	0	0	3	0	0	0	0	0	0	0	0	0	1	0	0	0	0	0	0	0	0	0	0	0	0	1	1	0	0	0	1	0
OTU_84	1	1	1	0	0	2	4	2	1	3	1	0	3	2	2	4	6	0	3	0	3	1	0	0	0	0	1	0	2	3	5	0	3	4	5	2	2	10	7	2	0	0	7	8	2	8	8	10	5	1	8	6	2	6	15	11	21	11	14	12	5	6	13	7	10	16	2	2	4	7	7	12	7	5	5	0	2	1	2	6	5	13	5	5	6	2
OTU_85	0	0	0	1	0	8	9	1	0	0	1	3	3	1	12	0	0	0	0	0	0	1	0	0	0	0	0	0	1	0	1	0	0	0	0	6	3	0	0	1	1	0	1	8	3	4	1	13	5	0	1	0	0	0	0	0	0	0	0	0	0	0	0	0	0	0	2	9	5	2	13	8	1	0	1	0	0	2	0	1	3	0	0	3	0	1
OTU_87	81	77	130	100	147	115	83	84	57	90	160	45	47	18	68	48	39	23	38	19	21	11	29	10	8	12	50	50	39	51	51	22	29	34	42	34	49	100	57	17	15	22	49	61	38	62	59	66	102	21	33	118	68	76	22	46	44	40	69	38	21	26	42	79	85	168	85	100	98	93	185	97	103	145	66	14	18	13	21	57	43	71	43	56	88	34
OTU_88	6	2	2	0	6	0	0	7	2	7	1	2	0	0	1	1	0	0	1	2	0	1	1	0	0	1	13	9	16	1	0	0	0	0	1	0	2	3	1	0	0	0	5	2	1	0	1	4	3	1	1	0	0	4	0	0	0	0	0	0	0	0	3	0	2	0	0	0	0	0	0	0	3	1	1	0	0	0	0	0	2	0	1	1	1	1
OTU_89	13	2	6	6	11	10	7	12	2	25	19	1	6	4	18	25	19	6	0	1	1	0	4	2	0	2	1	1	2	6	9	11	3	10	4	8	8	21	20	20	11	8	45	33	42	43	36	41	23	11	35	5	0	2	3	4	1	15	5	14	21	10	24	29	34	29	13	9	14	50	35	36	27	49	19	3	3	7	10	13	14	51	16	34	80	14
OTU_90	1	1	0	2	1	0	1	4	1	2	1	0	0	0	2	2	2	0	0	1	0	0	0	0	0	0	1	0	0	1	0	1	2	0	1	1	0	11	1	0	0	0	1	5	0	3	4	6	6	4	1	0	0	0	0	0	0	0	0	0	0	0	2	0	0	0	3	0	0	2	0	1	6	2	1	1	0	0	2	2	7	9	4	7	5	8
OTU_91	0	0	0	0	0	0	0	1	2	0	0	0	0	0	1	0	2	1	1	0	0	0	0	0	0	0	1	0	0	2	0	0	0	1	1	0	0	9	6	0	0	1	2	3	1	0	1	2	3	1	2	0	0	2	4	4	1	1	1	1	1	0	4	0	0	0	2	2	1	4	0	0	3	1	2	1	0	1	0	3	0	5	3	0	9	4
OTU_92	1	0	0	0	1	2	2	0	3	2	7	3	5	3	9	1	1	1	0	1	0	0	0	1	0	0	0	0	0	0	0	0	0	0	2	3	10	0	1	0	0	0	0	10	2	8	2	1	1	1	0	0	0	2	0	0	0	0	0	0	0	0	0	0	0	0	0	1	0	1	2	0	0	1	0	0	0	0	1	3	5	2	1	1	0	0
OTU_94	0	0	0	0	0	0	0	0	0	3	2	0	1	0	2	0	4	0	0	0	0	0	0	0	0	0	0	1	0	0	0	1	0	0	0	0	0	0	0	0	0	0	0	0	0	2	3	2	1	5	3	0	0	0	0	0	0	0	1	0	0	0	0	0	0	0	0	0	0	1	1	3	5	2	1	0	0	0	0	5	6	13	7	6	13	9
OTU_95	0	0	0	1	2	10	10	0	1	1	1	2	1	1	8	0	0	0	0	0	0	0	1	0	0	0	0	0	0	0	0	0	0	0	0	4	10	0	0	0	0	0	2	11	0	6	0	5	3	0	0	1	0	0	0	0	0	0	0	0	1	0	0	0	0	0	1	2	1	3	4	2	0	0	0	0	1	1	0	2	6	3	2	0	0	0
OTU_98	0	0	2	0	2	0	0	4	2	3	2	3	0	1	8	5	3	0	0	0	0	1	0	0	1	2	1	6	3	0	3	0	0	1	1	0	0	3	2	0	0	0	39	14	6	9	21	22	16	5	8	0	1	0	1	0	2	0	2	2	0	3	1	0	2	2	0	1	1	4	5	8	16	11	18	0	1	0	3	1	8	8	11	9	7	7
OTU_99	0	0	0	2	1	2	1	0	0	0	0	2	1	1	9	2	0	0	0	0	0	0	0	0	0	0	0	0	0	0	0	0	0	0	3	7	1	0	0	0	0	0	1	5	4	1	0	8	1	0	0	0	0	0	0	0	0	0	0	0	0	0	0	0	0	1	5	15	4	5	4	6	0	0	2	2	0	0	0	1	1	0	1	0	1	0
OTU_102	1	1	1	17	11	20	25	2	7	0	1	19	12	1	22	0	1	2	0	0	1	1	0	0	1	0	1	1	2	0	1	1	1	1	3	31	19	0	0	1	5	3	8	28	11	9	3	18	1	0	0	0	1	1	0	0	0	0	0	0	0	1	0	2	1	9	25	38	27	21	39	27	1	2	1	1	3	3	1	10	12	6	4	12	0	2
OTU_104	3	2	0	0	0	0	0	1	1	0	1	0	0	0	0	1	1	0	0	0	0	0	0	0	0	0	0	0	0	5	3	2	5	0	1	0	2	6	2	12	8	5	18	7	17	5	2	4	5	2	14	0	0	0	0	0	1	1	0	1	4	0	1	1	1	1	0	1	1	0	1	1	0	4	1	1	1	1	1	0	0	2	0	1	2	1
OTU_105	0	0	0	3	1	2	5	3	0	0	0	8	1	2	12	0	1	0	0	0	0	0	0	0	1	0	0	0	0	0	0	0	0	0	2	10	2	0	0	0	3	1	0	6	2	2	1	5	1	0	0	0	0	0	1	0	0	0	0	0	0	0	0	0	0	3	6	10	6	4	9	6	0	0	0	1	1	1	0	1	4	1	1	1	0	0
OTU_107	206	208	295	231	281	255	144	174	170	364	435	105	65	25	61	137	96	40	113	60	42	54	75	22	13	40	123	118	115	87	108	71	57	53	64	42	56	182	124	45	35	22	118	68	73	151	123	68	308	86	161	268	182	201	96	178	134	143	287	116	82	99	122	219	225	521	106	229	186	192	404	198	281	488	219	25	40	27	54	135	84	178	104	104	266	113
OTU_108	1	0	2	0	0	0	1	6	6	0	2	1	0	0	4	0	5	0	0	0	0	0	1	0	0	1	0	0	0	0	4	1	3	1	3	2	3	13	23	0	1	1	3	3	1	5	3	10	12	3	10	0	0	1	0	0	0	0	0	1	1	0	0	0	1	2	1	0	3	2	3	4	3	2	1	0	1	3	1	7	13	5	14	12	12	12
OTU_114	1	0	1	1	4	1	2	3	1	2	2	3	0	3	4	7	7	0	1	2	1	1	3	1	0	0	1	0	0	6	6	9	4	5	7	7	1	13	5	2	2	3	12	24	9	13	17	14	12	3	7	2	2	7	25	20	23	15	10	18	6	7	18	13	9	19	1	1	4	16	7	15	6	11	5	3	3	0	5	11	9	9	7	16	14	2
OTU_115	68	111	168	73	114	113	114	44	65	20	22	112	132	14	62	29	32	14	24	17	32	29	36	16	11	26	32	27	44	152	164	66	62	72	80	38	50	51	67	30	31	33	56	51	39	46	38	65	32	20	49	70	33	78	34	59	60	24	19	17	12	24	34	106	128	177	61	50	76	34	27	31	24	17	14	34	27	48	17	50	73	56	53	65	39	28
OTU_116	99	10	19	7	16	40	21	110	195	48	25	7	6	16	76	16	19	18	22	12	2	5	4	4	5	1	13	9	23	5	3	2	8	5	15	25	32	265	48	1	1	3	0	19	4	14	49	36	203	35	31	20	13	14	4	1	4	15	3	5	8	40	54	3	2	0	15	7	11	38	64	45	115	42	66	4	4	2	41	104	189	135	127	197	116	99
OTU_127	0	1	0	0	0	0	0	0	1	0	0	0	0	0	1	1	3	0	0	0	1	0	0	0	0	0	0	0	0	1	7	0	2	3	4	0	0	16	3	1	0	0	0	2	0	0	1	0	5	0	1	10	1	4	12	2	2	0	3	4	0	2	3	0	1	2	1	1	2	2	2	4	2	0	1	3	0	0	1	2	0	1	1	1	0	3
OTU_131	4	0	2	1	7	2	1	5	3	11	8	0	1	0	3	6	4	0	1	0	1	1	0	0	1	0	1	3	0	2	4	5	3	4	3	2	2	8	6	1	1	1	3	2	2	2	4	6	3	1	4	12	1	6	5	0	5	6	9	11	4	0	6	6	14	12	3	0	3	15	9	7	8	15	8	0	0	0	1	7	2	11	1	8	12	3
OTU_134	4	2	2	2	0	1	0	0	0	0	0	1	5	1	0	1	0	1	6	1	1	1	0	0	2	0	1	1	1	4	3	3	1	4	0	0	0	53	15	0	1	3	4	1	0	0	2	1	16	6	17	8	3	8	0	1	1	0	0	0	0	0	1	2	2	5	1	1	1	1	1	1	1	0	2	0	1	1	0	0	2	1	0	0	20	12
OTU_136	45	18	22	30	43	38	19	26	11	58	55	13	10	8	24	41	57	2	9	4	2	7	8	2	1	2	23	13	18	44	71	42	58	78	62	44	25	165	52	177	63	45	289	137	260	215	112	139	181	40	232	20	5	14	16	27	22	30	30	33	38	19	113	145	81	185	57	79	45	80	113	64	49	174	24	8	9	14	20	47	27	116	41	50	184	23
OTU_139	0	5	2	1	5	3	0	3	1	2	0	1	0	1	5	2	2	0	0	0	1	0	0	0	0	0	0	0	0	0	1	0	3	3	3	3	3	1	11	1	2	1	1	6	0	5	2	6	4	4	4	9	5	2	0	1	0	0	0	0	0	0	1	0	0	0	0	0	0	0	0	1	1	1	0	0	1	2	1	6	5	5	2	2	1	0
OTU_140	0	0	0	9	6	7	7	3	4	1	1	17	18	0	15	1	0	1	0	2	1	0	1	0	0	0	0	1	1	1	0	0	0	1	2	10	7	0	1	3	3	2	6	28	6	13	2	18	6	0	1	1	0	0	1	0	0	0	0	0	1	0	1	0	0	10	9	24	8	16	14	21	2	0	0	3	4	5	1	8	5	2	2	2	0	0
OTU_142	3	0	3	1	2	0	1	2	2	4	3	2	0	0	0	0	4	0	0	0	0	0	0	0	0	0	0	2	0	0	0	2	3	0	2	1	1	5	3	6	1	1	6	4	4	4	6	3	3	0	2	2	0	0	0	0	1	1	3	0	2	1	1	1	0	4	1	0	1	1	7	2	3	3	3	0	0	0	2	2	0	4	2	1	6	0
OTU_144	16	2	5	5	3	5	1	12	14	26	13	1	1	2	1	2	1	1	4	1	1	1	0	0	0	0	7	0	0	0	0	0	0	0	0	0	0	0	0	0	1	1	0	0	0	1	0	0	0	0	0	1	1	4	1	0	1	0	0	1	0	0	1	0	0	0	0	0	0	0	0	0	0	0	0	0	2	0	0	0	0	0	0	0	0	0
OTU_158	0	0	1	0	2	0	0	2	1	6	3	0	0	0	5	5	5	0	0	0	1	0	0	0	0	0	0	2	0	0	0	0	0	0	1	0	1	4	2	2	0	0	31	16	8	22	28	22	26	10	12	0	1	0	0	0	0	0	0	1	0	0	3	0	1	0	1	3	0	4	3	3	19	11	5	0	1	0	3	0	9	7	11	3	12	9
OTU_164	0	0	0	3	1	0	2	1	0	0	1	5	4	3	8	0	0	1	0	0	0	0	0	0	0	0	0	0	0	0	0	1	0	2	2	9	3	0	0	1	2	2	11	17	26	14	1	23	5	1	0	0	0	0	0	0	0	0	0	0	0	0	0	0	0	3	8	17	8	3	11	6	2	1	1	1	3	1	1	3	2	1	1	1	1	0
OTU_177	4	1	2	1	2	2	1	4	6	7	3	1	0	0	5	1	3	0	1	1	0	0	1	0	0	0	1	0	1	0	0	0	0	0	1	1	0	23	8	0	0	0	1	2	0	1	6	5	15	5	6	2	2	4	0	0	1	0	0	1	0	2	7	0	1	2	0	0	1	3	7	4	9	3	2	1	0	0	1	13	20	20	15	20	7	9
OTU_183	0	0	0	0	0	0	0	0	0	0	0	0	0	0	0	1	1	0	0	0	0	0	0	0	0	0	0	0	2	2	3	3	4	3	4	1	1	5	0	3	0	1	5	5	3	9	1	5	5	3	2	1	0	1	1	0	1	1	0	0	0	0	1	2	1	2	2	2	1	4	4	0	4	1	0	0	1	0	0	1	2	4	2	1	2	1
OTU_189	3	4	3	3	1	2	2	3	1	7	1	0	2	0	1	1	4	0	0	0	0	0	1	0	0	0	0	0	0	1	2	2	1	3	4	1	3	9	1	2	2	0	3	0	3	3	4	3	3	0	3	1	0	2	3	2	3	0	2	1	2	0	2	4	3	9	2	3	2	2	12	5	3	12	0	0	2	0	1	0	1	8	3	0	6	1
OTU_192	3	0	1	6	7	19	8	11	10	3	2	2	5	0	5	0	0	2	0	1	0	0	0	0	0	1	4	3	4	1	1	0	0	2	2	9	4	3	0	0	0	0	0	3	0	1	0	3	1	0	0	0	2	0	0	0	0	0	0	1	0	0	0	1	1	1	1	1	0	0	0	2	0	0	0	0	0	0	0	0	0	2	0	1	0	0
OTU_196	1	4	5	24	20	51	69	14	8	6	3	88	79	8	58	11	10	16	11	5	12	11	13	6	4	8	18	12	10	6	7	16	12	13	23	81	49	1	3	21	39	20	51	123	75	49	23	79	17	0	11	8	6	9	9	11	12	10	11	10	5	4	7	9	10	29	82	76	71	62	79	84	11	12	16	19	25	30	3	28	19	22	15	28	4	3
OTU_201	2	2	0	0	5	0	0	1	1	1	0	1	3	1	2	2	3	0	0	1	0	2	0	0	0	2	4	9	3	1	0	0	0	0	0	0	1	1	0	0	0	0	9	6	0	6	9	11	17	12	4	1	1	2	1	1	1	0	0	0	0	0	1	0	0	1	0	0	0	3	0	2	14	14	8	0	0	0	3	1	7	6	3	5	7	6
OTU_204	15	3	5	3	5	9	7	7	10	8	18	3	1	5	10	7	9	2	3	3	0	0	1	0	0	0	5	0	1	1	4	2	1	4	7	10	17	21	3	0	1	0	3	15	4	9	7	12	22	5	9	4	4	1	2	0	0	0	0	1	0	0	2	0	0	0	0	6	1	1	3	1	8	4	4	0	1	0	3	8	17	1	8	8	5	6
OTU_211	645	133	356	109	2093	129	81	915	672	1115	1439	781	579	169	2886	2397	1257	95	90	104	95	146	89	27	139	385	548	2454	1819	53	572	50	105	279	408	533	339	1846	821	154	38	30	6279	4662	1307	3226	11388	6439	8351	4862	4976	53	159	345	151	129	128	21	222	137	131	211	403	99	402	146	134	335	193	1234	1270	2597	8946	8249	5390	383	75	225	2016	464	3243	3563	2230	1624	3433	4164
OTU_213	12	3	9	6	10	11	11	7	6	4	12	3	8	15	30	10	18	0	1	2	0	0	1	2	0	2	1	1	2	14	25	20	24	33	35	51	25	58	66	67	31	19	105	79	91	73	16	103	47	20	63	5	0	1	3	1	1	2	1	2	1	1	9	17	7	23	27	52	27	29	46	43	11	20	5	5	7	3	11	24	29	32	32	39	38	23
OTU_215	9	8	20	119	108	221	289	53	60	20	21	176	123	62	341	29	19	1	4	2	7	2	4	0	2	3	0	4	1	6	14	18	20	43	82	279	127	15	12	28	46	17	89	280	140	164	21	344	73	8	22	5	3	6	2	5	8	3	4	3	1	4	5	18	15	75	156	323	175	212	316	221	23	24	17	44	38	36	14	104	164	88	55	144	2	4
OTU_220	2	15	40	14	33	10	7	5	3	1	2	17	22	4	7	10	18	15	6	7	6	12	5	2	1	8	6	7	10	19	31	13	24	44	14	12	5	8	11	12	17	41	42	27	24	18	29	27	11	8	17	58	22	16	3	6	17	2	8	2	3	2	3	9	1	5	5	2	5	3	5	5	0	2	2	14	18	25	4	15	8	12	13	15	21	6
OTU_222	170	251	311	413	245	399	537	105	127	86	24	725	985	75	260	14	15	1620	1687	1134	1949	2226	2397	693	877	1322	1698	1285	1674	895	545	597	628	283	378	319	658	39	45	53	618	906	186	68	101	69	51	131	204	309	359	387	328	498	135	231	235	189	172	55	100	133	172	251	179	326	703	464	728	74	55	58	31	29	18	812	915	1070	19	149	83	61	58	68	180	376
OTU_223	0	0	0	11	6	18	20	1	5	2	0	20	9	5	29	0	0	0	0	0	0	0	1	0	0	1	1	0	0	0	0	1	0	0	5	18	11	0	0	1	2	0	7	31	12	23	0	27	5	1	0	0	0	1	0	0	0	0	0	0	0	0	0	0	0	4	16	34	14	14	25	14	1	0	1	1	2	4	2	9	7	5	2	3	0	1
OTU_224	23	9	10	5	69	4	3	29	17	26	18	33	24	3	73	38	14	4	2	8	3	9	2	2	7	18	19	89	64	2	21	1	3	7	7	13	11	34	15	4	0	3	142	125	35	76	210	156	157	71	78	0	2	14	3	8	5	1	7	4	3	6	12	3	14	4	2	11	4	33	33	61	153	158	85	12	4	12	43	11	77	74	56	34	47	70
OTU_236	3	0	0	0	0	0	2	4	3	3	3	2	2	1	0	4	5	0	0	0	0	0	0	0	0	0	0	1	2	0	0	0	0	0	0	0	0	1	0	0	0	0	1	1	0	1	5	4	2	2	2	0	0	0	0	1	0	1	0	1	0	0	1	0	0	0	0	0	0	1	1	5	6	1	1	0	0	1	1	0	7	9	2	2	6	1
OTU_245	1	2	1	0	0	0	1	0	0	2	0	0	0	0	3	4	3	0	0	0	0	0	0	1	0	1	0	2	1	1	4	6	1	2	5	3	2	17	2	19	4	7	59	17	21	34	19	23	32	10	28	0	0	0	1	0	0	0	0	1	0	1	3	1	3	0	0	2	5	4	0	0	3	12	0	0	1	0	2	1	1	9	4	2	15	3
OTU_247	2	1	0	0	0	0	1	1	1	1	0	1	0	0	1	1	3	0	1	0	2	1	1	0	0	0	0	0	1	2	1	2	2	1	3	0	2	8	6	0	0	0	2	6	1	2	4	2	2	3	2	1	5	5	8	7	12	11	6	6	0	0	2	8	4	8	1	0	4	6	5	4	2	1	1	1	2	1	1	5	1	5	8	0	3	2
OTU_249	2	3	4	1	3	0	0	0	1	1	0	1	1	0	3	3	16	0	0	0	0	2	3	0	0	0	0	0	0	3	11	11	7	7	11	1	3	43	15	2	1	2	1	4	2	1	0	3	2	0	3	12	4	12	13	4	1	1	1	6	4	0	7	9	2	6	0	1	2	4	3	8	5	4	2	1	3	0	0	6	6	4	6	1	8	0
OTU_251	0	0	0	2	1	7	7	6	3	2	1	12	8	6	50	1	1	0	0	0	0	0	0	0	0	0	0	0	0	0	0	0	1	1	2	22	21	0	0	1	7	2	3	25	15	8	5	30	10	0	6	0	0	0	0	0	0	0	0	0	0	0	0	0	0	1	18	31	15	26	36	21	0	3	3	2	10	4	1	5	18	13	7	6	3	2
OTU_252	9	3	2	1	0	2	1	5	8	5	5	1	1	1	7	4	5	4	3	2	0	0	0	0	0	0	2	0	0	0	0	3	1	2	6	3	14	14	1	0	0	0	3	7	1	5	2	10	12	5	3	2	1	1	0	0	0	0	0	0	0	0	1	0	0	0	0	0	0	0	0	0	5	1	2	0	0	0	3	8	18	3	15	8	3	3
OTU_259	114	70	98	49	119	144	86	102	105	95	138	283	136	123	372	363	353	85	134	95	167	226	220	27	25	90	127	106	132	377	433	333	365	358	408	333	224	456	451	111	234	95	495	729	168	294	573	366	323	191	190	619	437	690	2081	1740	1879	850	1032	933	157	316	504	501	597	666	216	254	469	645	677	789	506	422	417	227	171	159	240	563	499	647	687	649	435	269
OTU_262	2	1	5	13	9	8	7	8	4	3	15	7	7	2	10	4	7	0	3	0	1	2	0	0	0	0	1	0	4	1	0	9	5	4	7	6	5	2	1	3	5	1	5	9	4	11	4	12	3	0	1	0	0	2	3	3	1	0	0	1	1	0	2	3	2	4	8	12	14	19	31	17	7	12	9	1	2	0	3	3	5	2	5	7	1	0
OTU_263	3	2	3	5	2	2	3	2	0	1	1	3	5	0	2	1	0	0	1	1	0	1	0	1	0	1	0	0	1	2	1	1	1	0	6	0	0	9	6	0	0	0	3	3	1	0	3	3	1	1	2	2	0	0	2	2	0	1	0	0	0	0	0	2	4	3	2	1	0	4	4	0	0	0	0	1	0	1	0	1	4	0	3	0	2	1
OTU_267	0	0	0	1	0	2	2	0	0	0	0	0	0	0	1	0	4	0	0	0	0	0	0	0	0	0	0	1	0	0	0	2	1	0	2	3	1	0	0	11	2	0	11	15	22	10	3	6	2	0	2	0	0	0	0	0	1	0	0	0	0	0	0	0	0	2	2	5	0	5	10	5	0	3	1	0	0	0	3	0	2	3	4	0	0	0
OTU_269	4	2	3	3	2	4	2	1	1	1	0	8	8	1	0	0	0	12	11	9	16	13	10	1	2	13	14	4	15	4	4	2	5	1	4	0	4	2	1	0	4	3	3	0	1	2	0	1	0	5	5	4	2	3	6	2	1	0	2	2	1	2	2	3	5	5	5	6	8	3	0	0	1	0	0	5	6	5	0	4	3	0	1	1	5	5
OTU_271	2	0	2	1	4	1	2	1	2	0	3	2	2	1	0	3	4	1	1	3	4	1	4	1	4	2	7	10	12	2	3	2	1	1	3	0	4	4	0	3	2	2	9	11	7	6	10	11	11	8	7	0	0	3	1	1	1	0	5	0	0	1	2	2	0	2	2	2	6	1	1	6	8	13	6	3	2	0	1	0	3	4	4	6	8	3
OTU_274	19	0	8	0	30	3	1	26	23	41	50	10	7	2	47	91	91	8	3	9	0	1	0	0	0	0	29	22	17	1	2	3	4	5	11	7	11	29	9	2	0	2	62	83	42	37	162	177	65	85	82	3	2	7	3	1	4	1	5	0	0	2	8	1	2	1	4	5	8	46	65	95	297	175	127	7	1	2	52	38	102	250	112	87	285	112
OTU_275	4	8	8	51	79	47	69	15	17	6	6	68	96	10	90	22	36	15	19	10	14	11	16	4	3	8	17	6	8	12	9	8	15	19	36	84	55	4	2	18	23	33	47	112	40	51	31	131	17	4	6	10	9	9	1	2	3	0	0	1	2	1	0	6	0	5	50	44	35	24	52	46	22	14	10	18	34	32	10	38	37	41	24	50	6	3
OTU_276	0	0	0	7	3	4	10	2	3	0	0	10	3	3	12	0	0	0	0	0	0	1	0	0	0	0	0	0	0	0	1	0	1	0	0	8	2	0	2	1	3	2	1	10	3	4	3	3	2	0	0	0	1	0	0	0	0	1	0	0	0	0	1	1	1	2	2	11	3	6	9	9	1	0	1	2	2	1	2	0	4	3	1	1	3	0
OTU_284	63	118	169	148	150	66	63	27	18	12	14	135	269	12	47	28	56	92	163	79	105	120	118	35	37	67	108	58	89	159	206	93	180	163	130	52	46	28	62	19	80	245	97	96	47	53	73	121	47	64	81	276	111	194	45	41	71	27	30	16	17	14	33	45	38	46	37	17	38	16	11	14	10	7	8	57	130	193	11	51	34	45	35	48	71	26
OTU_285	3	1	0	0	0	1	0	1	2	2	4	0	0	1	1	0	1	0	0	0	1	0	0	0	0	0	0	0	2	0	0	0	0	0	0	1	1	17	0	0	0	0	0	1	0	4	2	6	8	1	8	0	0	0	0	0	0	0	0	0	0	0	1	0	0	0	0	1	1	0	4	2	5	2	4	0	0	0	2	5	6	9	5	6	6	10
OTU_297	0	1	0	37	24	41	70	10	15	1	0	64	32	15	116	1	1	1	1	1	0	1	0	0	1	0	1	1	0	0	1	0	1	0	17	91	47	0	0	4	12	6	18	111	31	46	6	73	15	1	6	1	0	0	2	0	2	0	1	0	1	0	0	0	1	14	58	108	66	67	119	85	5	4	2	7	8	11	2	14	24	17	6	20	1	1
OTU_298	141	125	195	116	167	147	65	113	85	225	287	67	36	19	42	97	70	27	50	25	15	21	29	10	5	13	48	45	48	47	43	34	32	26	35	23	36	120	67	27	30	15	68	53	54	84	65	29	168	56	72	148	100	121	64	115	84	83	192	67	42	36	91	121	162	313	72	106	81	166	250	119	196	323	161	6	27	17	36	78	47	109	77	67	164	84
OTU_300	0	0	1	0	1	3	6	1	1	6	9	2	1	4	4	11	19	0	0	1	0	0	0	0	0	0	0	0	0	0	0	0	0	0	2	0	3	0	1	0	0	0	2	3	3	3	5	7	5	2	2	1	0	0	0	0	0	0	0	0	0	0	1	1	1	0	1	0	0	5	9	7	18	10	4	0	1	0	3	9	14	24	17	12	18	12
OTU_314	42	71	97	52	65	67	73	36	39	14	22	71	61	17	28	22	22	16	25	25	52	49	35	15	17	38	43	30	58	92	110	33	42	50	47	22	25	70	80	27	30	31	52	47	28	41	25	58	36	34	41	51	18	52	30	53	38	32	27	21	14	20	33	87	68	111	34	24	43	31	22	27	13	20	8	24	29	33	11	28	48	31	39	61	34	33
OTU_315	35	89	110	110	115	156	166	55	47	18	24	150	163	29	112	23	27	48	46	24	53	62	57	21	16	39	52	43	48	138	143	97	115	77	100	103	113	90	116	28	78	84	69	45	40	56	28	127	76	62	60	56	25	75	33	40	43	29	20	11	12	18	28	102	92	138	126	138	142	37	64	43	28	30	21	73	92	107	11	64	88	42	57	72	47	58
OTU_319	3	11	17	5	16	5	3	2	1	1	2	3	10	2	9	4	13	1	2	0	0	0	1	0	0	0	0	0	0	5	10	5	11	23	10	8	0	2	9	4	5	17	7	13	4	5	17	11	3	4	7	20	12	8	1	2	1	0	1	0	0	2	0	1	0	0	0	0	0	0	0	0	0	0	1	2	2	3	3	5	6	4	4	10	7	1
OTU_321	0	0	1	5	10	10	8	4	4	0	0	9	13	2	21	0	0	0	0	0	0	0	1	0	0	0	0	0	0	0	0	0	0	0	4	21	6	0	0	1	4	2	11	32	16	10	0	32	4	2	0	0	0	2	1	0	0	0	0	0	0	0	0	0	0	0	12	14	6	5	7	6	0	0	0	2	4	3	0	5	6	5	7	2	0	0
OTU_330	5	0	1	0	1	1	1	4	5	1	3	1	1	0	5	1	0	0	1	2	0	0	0	0	0	0	2	0	0	0	0	0	2	0	1	0	1	10	3	0	0	0	0	2	1	2	9	5	4	0	2	3	1	0	1	0	0	0	0	0	1	2	3	0	1	1	0	1	0	3	0	0	4	2	1	0	0	1	0	6	6	9	9	7	8	4
OTU_335	2	0	0	0	1	1	0	0	0	0	0	0	0	0	1	2	1	0	0	0	0	0	0	0	0	0	0	2	0	1	2	1	0	1	0	2	0	4	2	11	3	2	24	10	11	4	1	3	1	0	6	0	1	0	0	0	1	0	0	1	0	1	1	3	1	7	1	1	1	3	1	0	0	5	1	0	0	0	0	0	1	4	0	1	2	0
OTU_339	6	7	11	3	24	4	3	5	1	18	12	3	3	1	3	16	32	0	1	2	2	0	0	0	1	0	2	1	2	5	14	3	11	15	12	4	2	61	12	7	2	3	21	14	12	20	8	13	8	2	15	20	4	3	3	3	5	8	3	7	5	4	13	13	11	30	9	8	13	26	19	21	21	26	12	3	2	2	6	12	10	27	15	16	42	16
OTU_346	1	0	1	0	1	1	1	1	3	2	1	0	0	1	3	0	1	0	0	0	0	0	0	0	0	0	1	0	0	0	3	0	0	1	3	2	0	7	15	0	0	0	1	3	1	1	0	4	5	2	5	2	0	0	0	1	0	0	1	2	0	2	1	2	1	1	2	0	2	1	2	1	3	3	1	0	0	0	2	4	15	5	6	10	4	3
OTU_348	0	0	0	5	3	8	4	0	1	0	0	4	10	2	10	0	0	0	0	0	0	0	0	0	0	0	0	0	0	1	0	0	0	1	3	9	3	0	0	0	1	2	4	5	4	0	0	7	3	0	0	1	0	0	0	0	0	0	0	0	0	0	0	1	0	0	2	4	3	1	11	4	0	0	0	0	0	0	1	3	3	0	0	1	0	0
OTU_352	5	3	4	5	2	4	10	1	2	1	0	9	4	1	2	2	0	5	9	8	14	9	6	2	3	9	12	6	9	13	7	3	5	3	4	3	3	2	0	2	3	4	0	1	1	0	0	1	1	2	6	3	2	2	0	4	0	0	0	0	0	1	1	7	2	2	4	3	10	0	0	3	0	1	0	4	4	6	0	1	1	1	1	2	1	4
OTU_356	7	3	8	1	3	2	4	9	2	1	4	2	5	5	9	5	9	2	1	0	0	0	0	0	0	0	1	0	0	1	2	2	2	3	10	2	6	22	18	1	2	2	8	9	2	8	3	13	12	8	1	0	0	1	0	0	0	0	0	0	0	0	1	0	2	1	0	1	3	0	2	1	5	1	1	1	0	3	4	9	29	7	12	14	6	3
OTU_361	0	0	0	1	2	5	7	0	3	0	0	8	3	1	18	0	0	0	0	0	0	0	0	0	0	0	0	0	0	0	0	0	0	0	2	9	5	0	0	0	1	0	0	10	1	6	0	11	1	0	0	0	0	0	0	0	0	0	0	0	0	0	0	0	0	3	5	9	6	6	7	5	0	1	0	1	1	1	0	2	2	0	0	0	0	0
OTU_363	5	1	1	4	10	3	1	1	1	2	1	3	2	0	1	2	3	0	1	0	2	0	2	0	0	1	1	2	2	1	4	0	1	1	3	2	2	1	0	1	1	0	3	1	2	2	2	1	2	0	3	5	0	1	0	5	2	3	5	2	5	1	3	5	6	4	2	1	3	1	1	5	1	2	1	0	0	2	0	2	1	4	1	3	9	2
OTU_364	3	1	1	0	0	1	1	7	6	4	7	1	2	1	8	2	2	2	1	0	0	0	0	0	0	0	3	2	2	0	1	0	0	2	3	2	4	29	4	0	0	1	0	6	0	3	12	7	16	3	6	4	1	0	1	0	2	2	2	3	4	9	19	3	1	2	1	0	1	6	10	7	13	3	9	1	0	0	5	8	24	32	20	24	16	14
OTU_368	1	14	25	11	18	9	5	1	5	2	1	6	12	3	3	1	4	4	2	0	3	5	2	2	0	0	2	4	3	10	18	1	6	14	10	13	0	0	9	1	5	23	6	17	5	1	17	9	2	4	4	12	19	16	0	2	3	1	0	2	0	0	1	3	1	2	0	1	1	2	0	0	0	0	1	6	10	9	1	4	4	3	5	12	1	1
OTU_370	1	1	0	1	1	2	1	3	0	6	2	2	0	4	4	3	6	1	0	0	0	0	0	0	0	0	0	0	0	2	0	6	4	3	8	2	5	6	2	31	9	11	57	23	42	24	8	23	22	6	23	3	0	2	5	0	0	4	0	1	2	1	3	4	0	3	3	12	0	7	7	2	6	19	0	2	0	2	5	4	0	9	3	3	11	3
OTU_382	12	0	4	1	3	1	2	4	11	7	9	0	2	1	10	0	4	2	3	0	0	0	1	0	1	0	4	3	4	1	1	0	1	1	1	2	1	25	4	0	0	0	0	6	0	3	7	4	22	5	4	1	3	1	0	0	3	5	1	1	4	4	11	2	0	0	2	2	7	8	9	4	17	7	4	0	0	0	0	9	13	17	11	12	16	10
OTU_383	5	4	5	0	7	10	3	6	8	6	4	24	16	3	9	9	18	7	14	7	22	21	33	5	5	14	24	14	12	27	27	25	21	16	16	12	11	14	16	2	11	6	16	25	7	11	28	14	19	11	8	57	30	35	50	73	66	38	41	39	16	17	32	18	41	33	16	10	21	27	17	23	32	19	10	10	9	15	10	15	19	27	35	34	37	19
OTU_393	0	1	0	1	0	0	0	1	1	0	0	2	1	0	2	0	0	0	0	1	5	2	3	1	0	2	1	1	2	4	5	3	2	0	3	1	3	0	1	1	1	1	1	0	0	3	1	0	2	1	2	7	3	6	22	13	14	9	11	3	0	1	6	1	1	3	3	2	2	0	0	1	1	2	2	4	0	1	1	1	1	1	0	2	1	0
OTU_403	5	3	2	1	1	0	3	2	4	2	5	0	1	0	0	2	4	0	0	1	1	0	0	0	0	0	1	3	1	4	4	6	1	4	4	4	2	23	2	1	2	1	0	0	0	1	2	2	1	0	0	5	1	0	2	3	2	1	0	2	0	0	0	1	2	6	1	6	1	2	3	4	1	4	0	1	0	0	0	1	0	0	0	3	0	1
OTU_409	373	384	613	297	353	533	506	231	328	106	165	281	311	235	553	240	228	17	34	21	39	44	32	26	16	32	43	41	60	433	431	402	316	452	484	293	221	575	1006	280	224	148	484	478	298	411	220	409	299	168	287	151	79	273	156	220	260	119	93	57	26	100	64	462	521	651	256	320	457	392	378	367	195	212	131	148	156	167	165	393	763	480	750	682	235	198
OTU_415	2	0	0	0	0	1	0	0	0	4	0	0	0	0	0	1	2	0	0	0	0	0	0	0	0	0	0	0	0	3	2	1	2	1	1	2	0	3	2	8	7	5	15	2	11	9	4	1	5	2	8	0	0	0	0	0	0	1	1	1	1	1	1	1	0	1	1	0	2	2	3	1	2	2	1	0	1	0	1	0	0	0	0	2	5	0
OTU_417	2	0	0	2	0	0	0	0	0	0	0	0	1	0	0	2	3	0	0	0	0	0	0	0	0	0	1	0	0	3	3	2	3	3	4	1	0	7	1	10	4	5	21	9	13	9	9	7	9	3	4	1	0	0	2	3	1	0	0	2	3	0	0	4	1	5	1	1	0	0	3	1	1	2	0	0	0	0	0	4	3	3	0	3	2	1
OTU_421	0	0	1	1	0	0	1	0	0	0	0	1	0	0	4	1	1	0	0	0	1	0	1	0	0	0	0	0	0	2	2	0	1	1	2	1	0	2	5	1	1	0	1	0	0	0	0	0	2	0	0	0	1	4	5	7	4	4	5	1	2	3	2	0	3	5	3	2	2	2	0	2	1	4	3	0	0	1	1	1	1	3	1	3	3	2
OTU_429	9	3	2	8	4	10	1	3	3	3	11	2	2	1	12	5	12	3	3	3	2	1	4	1	0	0	2	0	8	19	17	22	18	26	20	18	17	34	9	104	34	29	135	55	110	83	40	47	43	17	46	4	3	1	3	1	2	4	5	2	7	5	12	15	12	14	8	27	16	18	26	15	11	36	5	8	1	8	4	13	5	25	12	6	21	1
OTU_431	27	44	58	39	55	42	42	22	27	7	26	35	26	23	58	27	25	1	5	1	4	4	2	2	3	3	6	1	5	40	40	36	32	54	45	26	15	56	110	24	23	8	50	40	34	42	15	46	37	20	46	18	4	17	13	28	16	16	7	11	1	22	9	44	46	58	19	31	45	30	40	38	27	22	12	15	17	13	11	36	71	49	65	61	42	37
OTU_437	5638	5709	8666	4572	10857	5950	3277	4542	3557	7494	12257	2828	3534	1984	3967	6210	5377	996	1573	926	445	658	824	316	223	785	1512	1696	1328	1693	1663	1499	1421	1708	2253	1749	1773	4375	4372	783	976	942	1563	2279	1501	2924	3046	2624	2833	1645	2626	3961	2303	2575	1829	1924	1804	3845	3161	2421	3858	2140	4934	6373	8881	7339	3806	4222	5364	9485	8196	9770	11177	9005	6826	1241	1654	2006	2689	4407	4047	8179	5361	6827	11440	4965
OTU_444	0	2	3	4	1	3	4	1	1	1	0	3	9	2	0	1	0	9	8	9	11	15	10	3	3	7	8	13	13	6	6	4	3	3	1	0	4	1	0	0	1	4	3	0	1	1	0	0	1	0	1	5	2	2	1	2	0	1	2	0	2	2	2	2	2	3	6	0	0	1	1	0	0	0	0	6	4	7	0	0	0	0	0	0	3	3
OTU_446	2	1	3	3	2	4	8	5	18	8	20	9	7	13	24	50	81	4	2	0	1	0	1	1	1	1	0	0	4	0	1	0	1	1	2	2	9	4	0	1	1	0	8	24	19	14	35	27	11	12	22	1	0	1	1	0	1	2	5	2	1	1	1	1	3	1	4	11	3	41	37	49	78	37	44	2	2	4	18	48	53	106	67	72	76	42
OTU_448	0	2	3	2	1	0	4	0	0	0	0	0	2	0	2	0	0	8	10	3	4	2	4	4	2	6	4	10	8	5	1	2	3	0	1	0	0	0	0	0	0	1	0	0	0	0	0	0	2	2	1	1	0	1	1	0	0	1	0	0	2	1	0	1	1	0	1	0	2	0	0	0	0	0	0	0	1	2	0	3	1	0	0	0	2	2
OTU_451	0	0	0	9	6	10	9	2	3	0	2	11	7	8	60	2	1	0	0	0	0	0	0	0	0	0	0	1	0	0	0	1	2	1	2	52	30	0	1	10	11	7	23	79	60	31	1	45	15	1	3	0	0	0	0	0	0	0	0	0	0	0	0	0	0	7	32	70	33	34	59	45	2	3	1	5	8	8	0	3	10	2	2	12	0	2
OTU_453	6	13	10	4	17	11	12	2	6	1	6	5	8	3	4	4	7	0	0	0	1	0	0	1	0	1	0	1	1	11	7	7	4	9	9	9	2	23	22	5	3	4	8	7	4	11	3	10	5	2	9	2	1	4	3	2	8	2	1	2	2	3	1	12	8	14	4	6	9	6	13	6	7	6	2	4	3	1	5	10	11	10	9	9	6	6
OTU_455	0	3	6	0	3	0	1	1	0	0	1	4	5	3	2	1	0	1	1	0	0	0	0	0	0	0	0	0	0	1	3	1	2	3	2	2	0	1	3	2	3	2	3	4	1	1	2	3	3	3	0	8	5	1	0	0	0	0	0	0	0	0	1	0	0	0	1	0	0	1	0	0	0	0	0	2	1	0	1	0	2	2	1	2	4	0
OTU_457	34	4	13	6	87	5	6	37	42	57	50	34	15	7	152	125	43	3	1	2	2	4	5	0	6	28	29	127	85	2	23	3	6	15	15	23	18	71	33	6	2	4	385	295	75	157	674	273	385	210	238	3	3	12	4	3	10	0	7	5	3	8	9	2	27	5	7	20	4	72	67	137	446	498	326	20	2	11	121	28	180	210	130	104	167	171
OTU_460	1	0	1	0	0	0	1	0	1	1	0	0	1	0	6	0	2	0	0	0	0	0	0	0	0	0	0	1	0	0	0	0	1	1	1	2	0	7	3	0	1	1	6	5	2	2	2	6	2	4	6	0	0	0	0	0	0	0	0	0	0	0	0	1	0	1	1	2	4	2	0	4	1	0	1	1	1	1	3	2	5	6	3	2	3	3
OTU_464	1	0	1	0	3	1	0	0	0	0	1	0	0	0	0	1	0	0	0	0	1	0	0	0	0	0	1	1	0	0	1	2	1	1	1	1	1	10	1	0	3	0	6	6	2	3	2	5	2	1	5	0	1	0	1	2	0	0	0	1	1	2	0	2	1	5	0	2	2	4	6	8	1	3	3	1	0	0	0	2	2	5	2	2	7	2
OTU_467	14	14	22	23	24	25	41	13	9	8	2	69	68	4	26	1	0	103	104	52	104	126	120	42	52	74	127	86	117	62	45	40	69	25	36	24	63	5	3	5	47	54	19	8	10	7	2	15	27	30	27	33	21	30	10	26	18	17	10	8	7	16	13	27	20	28	62	41	57	8	9	5	1	3	4	50	62	80	2	11	12	2	4	9	22	33
OTU_468	5	0	2	0	2	3	0	5	3	2	1	2	0	2	1	2	2	0	1	1	0	0	1	0	0	0	1	2	1	0	0	0	0	1	0	0	1	14	3	0	0	0	1	2	1	0	1	2	10	1	4	1	0	1	0	0	0	0	0	1	3	3	4	1	1	0	1	0	0	1	1	2	6	3	0	0	0	1	2	5	4	11	2	8	5	6
OTU_471	8	4	7	5	7	5	2	5	5	8	14	1	1	0	2	2	5	2	0	1	3	1	0	0	1	0	5	7	2	4	4	7	0	9	11	3	5	25	7	1	0	1	2	1	1	4	2	2	5	2	1	5	4	2	2	6	6	6	2	3	2	0	3	8	6	9	5	1	3	2	7	4	3	10	2	1	1	0	0	3	2	3	2	2	2	2
OTU_474	19	2	1	3	5	8	5	6	9	5	24	4	8	4	13	16	13	6	7	5	1	1	1	0	0	0	7	0	0	0	4	1	7	7	9	17	19	23	9	1	2	1	9	18	0	8	7	6	14	12	11	4	2	0	0	0	0	0	0	1	0	1	1	0	0	2	0	1	1	1	1	6	8	3	6	0	0	1	2	19	16	2	17	14	8	7
OTU_477	1	3	1	5	0	1	4	3	2	2	2	2	1	3	2	2	2	0	0	0	0	0	0	0	0	1	1	0	1	2	2	1	3	3	4	0	1	2	5	0	1	2	4	3	1	2	0	3	2	2	1	1	0	0	2	1	2	0	1	0	0	1	0	1	1	0	1	4	3	0	0	2	1	0	2	0	3	0	0	4	5	5	6	1	3	4
OTU_480	6	0	4	3	3	2	1	6	5	4	0	1	0	0	3	1	2	4	5	6	1	2	0	0	0	2	14	3	1	1	0	0	3	1	1	1	1	5	0	0	0	0	0	0	1	0	0	0	2	0	0	4	5	9	0	0	1	0	0	0	0	2	2	0	1	0	0	1	0	0	0	0	2	0	0	0	0	0	0	0	0	0	0	0	1	0
OTU_484	111	197	308	217	252	233	266	114	97	105	128	304	350	49	142	122	126	171	250	130	278	249	245	80	87	200	266	187	270	450	507	205	287	269	254	137	163	245	288	240	171	192	400	280	238	284	189	334	164	146	236	229	81	251	170	283	284	174	167	118	73	118	194	357	295	563	261	117	234	136	188	189	154	156	83	131	155	200	51	207	215	223	214	202	241	120
OTU_488	2	0	1	0	5	0	0	4	3	6	2	4	3	0	12	9	9	0	0	0	2	2	2	0	1	2	1	13	10	1	3	0	2	0	3	1	1	8	3	1	0	0	38	31	6	17	59	30	36	17	14	0	0	1	4	6	4	0	1	0	1	2	7	0	2	2	1	0	3	9	9	19	34	36	29	0	1	1	8	3	14	16	5	6	20	10
OTU_491	0	0	1	0	5	5	5	1	1	1	1	5	2	3	9	0	1	0	1	0	0	0	0	0	0	0	0	0	0	0	0	4	4	2	4	4	1	0	0	1	3	2	4	9	1	5	0	12	2	0	1	0	0	0	0	0	0	0	0	0	0	1	0	1	0	2	7	9	5	3	2	5	1	2	0	0	1	0	2	4	7	4	5	3	0	2
OTU_494	0	1	3	0	2	1	0	4	0	2	5	0	2	0	1	3	3	0	0	0	0	0	0	0	0	1	0	0	0	0	3	0	2	3	2	1	0	4	0	1	0	0	1	0	0	0	2	2	1	1	1	3	0	2	2	0	0	1	0	2	1	1	2	0	0	2	0	2	0	3	2	1	2	3	3	1	0	1	1	1	1	0	1	1	7	2
OTU_495	2	2	4	0	3	2	2	1	1	1	0	0	1	1	3	1	1	0	1	1	1	0	0	1	0	0	0	0	0	4	4	5	0	1	0	3	0	5	4	1	1	1	3	4	3	3	2	0	4	1	1	2	0	2	0	1	1	0	0	0	0	1	1	2	1	4	2	1	0	1	2	2	0	0	2	0	0	0	0	3	5	4	4	4	4	0
OTU_500	3	0	1	1	3	0	0	1	1	1	2	2	1	0	7	3	1	0	0	0	1	0	0	0	0	0	0	9	6	0	2	0	0	1	0	0	1	8	3	2	0	0	17	13	2	11	21	14	9	6	5	0	0	2	1	0	0	0	0	1	0	0	0	1	0	0	1	2	2	1	4	12	22	14	17	0	0	1	2	0	5	8	4	2	5	5
OTU_506	1	0	2	0	5	0	0	2	2	1	4	4	3	0	5	2	1	0	1	1	3	1	1	0	0	1	0	8	4	0	0	0	0	1	0	0	1	4	0	0	0	0	9	11	5	7	8	2	16	9	11	1	2	3	1	0	0	0	0	0	1	1	2	0	1	0	0	2	2	0	4	4	8	11	3	1	1	0	0	0	2	4	2	0	5	4
OTU_518	5	3	4	4	7	0	2	1	2	5	9	2	0	0	0	1	0	0	0	0	0	1	1	1	1	0	3	1	2	0	1	6	4	4	2	4	3	8	6	0	1	1	1	1	2	0	0	0	0	0	1	1	2	0	2	1	0	3	3	2	2	0	1	3	3	4	1	4	2	3	3	5	3	6	5	0	2	0	0	1	1	2	1	0	2	3
OTU_521	9	4	9	357	214	603	918	105	140	6	8	412	282	208	1109	9	13	4	1	4	4	8	1	1	3	2	2	2	6	3	5	8	7	11	85	935	427	3	0	35	141	53	78	530	244	207	12	329	81	7	32	4	7	2	4	4	3	3	1	3	0	0	0	12	3	70	448	1174	488	448	779	606	28	12	16	76	111	75	11	84	140	52	49	116	4	6
OTU_522	3	0	1	0	3	2	0	7	1	7	7	0	0	0	6	0	0	1	0	0	0	0	0	0	0	0	0	1	0	0	0	1	1	0	0	1	2	6	1	0	0	0	0	0	0	1	0	0	3	0	2	1	2	1	0	0	0	1	0	1	0	3	2	1	2	1	1	1	0	1	4	3	10	4	2	1	0	0	1	3	1	7	4	5	3	5
OTU_530	3	1	4	7	3	4	5	4	3	1	0	13	9	0	8	1	1	25	18	18	28	21	25	3	8	13	15	15	17	14	15	8	12	7	6	3	7	2	1	0	9	9	3	1	2	3	1	8	3	4	3	15	10	12	20	12	13	10	11	4	0	6	2	6	4	9	12	7	10	1	4	2	0	1	2	13	6	13	0	4	2	0	2	2	4	5
OTU_536	1	1	0	24	16	23	31	8	5	0	0	25	10	6	40	1	1	0	1	0	0	0	0	3	0	0	0	1	0	0	0	0	0	0	4	41	18	0	0	3	8	1	0	26	14	5	1	24	5	0	0	1	0	2	1	0	0	0	0	0	0	0	0	2	0	4	26	43	23	17	29	34	2	0	2	4	3	7	1	4	4	5	0	4	0	1
OTU_537	0	0	0	0	1	0	0	0	0	0	4	1	0	0	1	2	2	0	0	1	1	0	1	0	0	0	2	2	1	3	3	1	1	1	1	2	0	2	3	0	0	0	2	1	2	0	1	4	1	0	1	4	3	2	1	6	5	4	2	3	2	0	2	0	4	2	1	0	1	3	0	2	1	2	0	0	0	2	1	1	0	2	1	2	3	4
OTU_540	17	20	31	6	11	21	19	9	10	8	18	12	17	4	24	15	15	1	1	0	0	2	1	0	1	2	3	2	1	17	29	19	16	23	20	12	3	28	37	9	6	4	11	16	9	13	7	22	15	10	20	8	9	12	12	7	16	4	4	1	0	5	4	24	18	30	12	13	13	15	18	14	9	7	4	5	4	4	8	21	29	15	24	27	9	7
OTU_542	31	17	22	21	28	20	14	25	13	21	53	8	8	0	4	11	18	2	6	1	2	2	7	3	2	4	27	11	14	23	29	20	38	20	32	21	14	81	19	0	2	2	7	11	9	5	8	12	12	3	5	18	12	14	14	15	23	10	26	11	4	4	18	15	20	29	5	10	11	18	15	19	13	42	13	1	1	1	0	7	2	3	4	5	12	3
OTU_543	1	0	0	2	1	0	1	2	1	1	1	1	1	0	3	3	2	0	0	0	0	0	0	1	0	0	0	0	1	5	4	8	1	7	5	2	2	12	4	31	6	5	29	11	24	17	6	10	13	6	11	1	0	3	1	0	0	1	1	1	1	0	4	10	1	7	1	7	3	3	7	3	8	3	2	0	0	0	2	4	3	4	1	7	3	0
OTU_548	4	9	8	11	7	10	13	5	7	5	13	35	21	8	19	15	18	23	36	14	46	41	61	3	10	21	32	32	37	37	34	31	37	33	32	20	26	79	29	9	12	12	23	32	7	12	21	21	13	12	15	52	25	44	93	71	94	42	89	43	20	14	35	30	41	32	24	10	25	35	33	45	76	20	18	22	21	12	15	33	28	29	40	32	26	30
OTU_549	13	3	4	1	20	2	0	11	8	8	12	7	2	1	31	15	7	1	1	0	2	0	1	0	0	3	2	16	12	0	5	0	0	2	5	4	4	20	9	0	0	0	55	27	9	18	119	63	72	47	44	0	2	3	1	0	0	2	3	0	1	5	2	2	5	1	2	4	4	7	8	30	90	67	28	5	0	2	22	3	20	31	27	19	32	26
OTU_556	2	1	1	0	6	0	0	0	0	1	2	1	0	0	1	2	4	0	0	0	1	0	0	0	0	0	1	8	10	0	1	0	0	0	1	0	1	1	0	1	0	0	12	6	0	3	7	4	5	1	6	0	2	3	1	2	0	1	1	1	0	0	2	0	0	0	0	0	0	0	1	2	3	3	0	0	0	0	0	1	3	3	0	1	1	3
OTU_559	5	5	7	2	4	3	3	12	1	12	10	14	11	5	9	12	13	11	7	1	3	10	6	2	1	5	13	10	16	9	22	21	13	17	17	9	12	43	18	4	3	8	30	29	9	12	29	15	23	4	10	41	9	18	47	56	33	33	32	37	10	9	45	44	49	76	18	10	19	37	40	35	27	34	16	6	4	9	2	19	20	40	16	30	34	8
OTU_562	0	2	3	2	2	4	1	0	1	0	0	1	2	0	1	0	1	4	3	2	7	6	5	1	3	2	6	7	9	1	3	1	1	2	1	0	1	0	0	0	0	1	3	1	1	0	0	2	1	1	0	2	0	3	1	1	3	2	0	1	2	0	0	0	1	0	2	0	2	0	0	1	0	0	0	2	0	4	0	0	2	0	0	0	1	2
OTU_563	3	3	5	1	2	3	0	4	2	2	2	7	2	2	8	13	7	3	6	0	3	3	9	2	0	3	2	1	6	7	11	7	4	7	7	7	4	19	14	2	2	2	13	13	4	8	18	12	7	8	3	17	11	14	38	45	25	29	22	27	8	7	13	10	11	17	5	10	12	13	16	24	9	7	8	4	0	1	6	10	7	10	14	15	9	5
OTU_565	38	49	104	47	67	69	51	39	36	23	40	52	40	30	68	45	41	3	7	4	2	3	4	2	3	5	12	8	11	61	77	45	37	62	76	39	25	88	138	31	22	22	84	66	41	88	39	87	54	32	71	19	14	44	29	29	27	20	19	13	14	24	23	77	70	91	32	42	51	51	64	57	38	44	16	17	23	14	24	64	118	75	108	92	55	52
OTU_567	3	3	7	1	12	10	2	5	4	3	4	17	17	6	7	10	8	6	16	4	10	14	15	1	0	7	9	4	8	12	30	17	14	21	10	9	6	16	13	2	5	7	14	26	8	3	16	10	20	12	10	42	26	42	64	62	85	46	47	42	19	16	35	13	27	34	10	6	11	18	19	27	11	15	7	5	9	10	10	12	10	21	21	17	30	14
OTU_569	15	15	16	172	136	204	253	73	37	30	31	280	212	30	253	32	27	15	14	15	29	23	24	9	6	13	30	12	26	10	18	29	24	26	58	239	198	6	6	43	77	42	103	322	236	185	36	265	76	9	28	9	11	16	22	16	18	14	14	7	10	10	14	18	13	89	314	262	280	289	514	347	51	40	39	56	78	66	16	77	88	62	45	106	16	7
OTU_583	11	11	12	17	11	8	20	4	3	2	2	34	40	7	11	0	0	54	67	46	60	63	61	25	28	41	69	42	59	37	27	31	27	9	9	13	22	2	7	3	26	40	2	2	4	2	2	5	8	9	18	19	7	21	6	9	5	5	7	2	2	12	4	7	3	5	24	22	28	4	4	2	0	0	2	21	26	32	0	6	2	3	5	1	15	19
OTU_584	35	13	31	18	39	62	53	146	159	169	348	87	70	58	257	584	1001	8	5	8	5	9	3	1	3	6	4	5	5	0	4	4	8	22	25	13	100	55	22	20	6	9	66	189	175	131	416	346	146	266	301	11	6	7	10	10	8	21	27	26	3	13	27	19	21	9	60	69	50	450	466	587	806	516	464	59	24	46	299	512	700	1581	847	826	1297	621
OTU_585	1	0	1	2	5	4	3	3	1	3	7	1	3	0	1	0	0	0	1	1	0	0	0	0	1	0	0	0	1	0	0	2	1	0	0	0	0	0	2	0	0	0	0	1	1	2	0	0	3	2	2	1	1	0	0	1	1	2	1	3	0	1	3	0	0	8	2	0	2	2	4	2	0	4	3	0	0	0	0	1	2	3	0	0	2	2
OTU_589	6	15	23	9	11	14	16	10	3	3	9	7	11	7	17	11	10	1	2	0	0	0	1	1	0	0	1	2	1	6	17	5	8	12	7	2	2	16	31	1	3	0	10	11	7	10	5	11	4	5	13	5	3	5	3	10	4	1	4	2	1	4	2	23	24	21	12	7	12	14	13	12	15	14	6	3	2	5	6	12	28	21	28	15	17	16
OTU_591	26	17	44	15	41	42	38	29	18	11	22	33	40	18	44	29	28	7	6	1	4	4	2	1	2	3	6	9	4	44	49	22	27	34	44	19	15	59	98	28	13	14	52	51	26	46	20	39	28	19	27	24	12	20	15	17	14	9	10	8	1	14	13	27	30	68	16	27	34	28	29	38	18	27	9	12	16	13	16	38	66	42	52	55	36	23
OTU_594	1	0	0	8	2	7	14	1	3	0	0	10	7	1	15	0	0	0	1	0	0	1	0	0	0	0	0	0	1	0	0	0	0	0	1	8	8	0	0	0	3	3	1	10	7	2	2	8	2	0	0	0	0	1	0	0	0	0	0	0	0	0	0	0	0	1	13	6	11	5	9	10	1	1	0	2	1	7	1	6	3	0	0	5	0	0
OTU_595	1	3	3	1	7	1	1	3	0	3	1	0	0	0	1	0	2	1	0	1	1	0	0	0	0	0	1	1	1	4	2	1	2	2	3	2	0	10	4	0	1	0	0	0	0	2	3	0	0	0	0	1	1	1	0	0	0	2	5	1	1	0	2	2	3	1	0	2	0	2	2	0	1	2	1	0	1	0	1	0	2	0	0	1	1	1
OTU_597	1	0	0	0	0	0	0	0	0	0	1	0	0	0	0	1	0	0	1	0	0	1	0	0	0	0	0	0	0	3	0	0	3	1	3	1	0	1	2	4	4	2	9	9	5	5	4	3	3	2	5	0	0	1	0	1	0	0	1	4	0	1	4	0	0	3	1	3	3	1	6	2	0	6	1	1	1	0	1	1	2	0	1	2	5	0
OTU_600	5	2	0	0	3	5	2	4	4	3	4	0	0	2	9	3	3	1	1	0	0	0	2	0	0	0	0	0	0	1	6	5	2	4	3	7	3	31	9	13	6	6	27	19	14	15	9	13	31	5	25	0	0	0	0	0	0	0	0	0	2	3	8	3	1	6	3	6	2	4	7	3	5	5	4	4	0	1	2	3	5	13	10	13	22	7
OTU_604	37	39	51	21	75	33	21	19	15	42	55	19	10	12	23	23	22	7	13	5	1	7	7	1	1	6	7	12	7	6	15	8	6	10	12	14	9	33	27	5	5	7	12	16	8	18	11	8	9	14	12	27	5	13	9	8	11	26	18	18	10	8	12	33	49	47	17	25	26	53	37	57	51	40	32	6	7	10	11	27	18	37	27	27	47	23
OTU_608	10	18	23	33	17	29	39	7	9	7	0	48	68	2	22	2	0	114	115	56	117	135	118	56	54	68	129	94	105	85	55	56	59	25	29	17	46	4	4	7	44	49	16	6	8	4	1	19	24	55	52	31	18	30	14	28	12	21	13	8	28	10	27	25	20	25	83	44	63	12	5	9	4	3	3	56	71	71	2	19	10	9	6	10	37	63
OTU_610	5	3	5	1	5	3	5	1	1	1	2	4	1	2	2	2	1	1	0	0	0	0	0	1	0	0	0	3	0	5	4	4	0	3	2	0	1	10	7	2	1	0	1	3	1	3	2	5	2	1	4	2	0	3	0	0	0	1	0	0	1	1	3	2	5	5	1	4	6	5	1	2	1	1	0	0	2	1	2	0	3	5	6	5	3	0
OTU_611	8	3	2	0	6	7	6	13	12	7	10	7	7	9	24	17	26	3	3	3	2	0	1	1	1	0	4	4	3	2	3	3	8	5	4	7	7	20	13	4	1	1	34	24	10	14	27	32	18	21	21	3	0	4	0	1	0	2	4	0	0	0	2	0	0	3	5	7	0	11	10	21	40	32	20	2	1	6	8	24	36	38	27	31	50	29
OTU_615	2	0	1	0	0	1	1	0	0	0	2	0	0	2	0	1	4	0	1	0	0	0	1	1	0	1	0	0	0	1	3	2	2	0	3	4	1	4	4	8	2	4	22	11	11	10	1	8	9	1	5	0	0	0	1	0	1	1	1	1	1	0	5	3	1	4	2	0	0	2	1	1	2	3	1	1	0	0	0	3	0	4	1	1	3	0
OTU_620	61	34	41	32	79	38	27	29	30	59	52	7	10	3	13	23	30	7	16	12	6	7	12	6	4	4	32	23	20	33	32	47	40	39	61	34	31	152	52	5	10	8	10	23	4	8	20	13	17	14	11	40	23	22	32	32	31	33	26	22	10	8	21	29	42	43	16	40	27	36	40	44	27	72	36	3	4	2	2	9	13	12	6	8	18	9
OTU_621	1	1	10	5	13	2	0	0	0	0	1	2	5	0	1	2	4	0	0	0	0	0	0	0	0	1	0	0	0	3	8	2	8	10	6	4	0	1	1	1	4	8	6	3	3	0	3	3	1	1	5	10	7	5	1	0	1	1	0	0	1	0	0	1	0	0	0	0	0	0	0	1	0	0	0	2	3	1	1	2	3	1	2	3	1	0
OTU_633	3	1	4	0	1	2	0	0	3	1	6	2	2	1	7	2	5	4	4	4	0	1	0	1	0	0	2	2	1	0	0	0	0	0	4	3	7	9	0	0	0	0	3	2	0	3	2	1	5	2	0	1	0	2	0	0	0	1	1	0	0	0	0	0	0	0	0	0	0	0	0	0	0	1	0	0	0	0	0	1	5	0	3	3	0	1
OTU_634	5	1	3	2	7	8	7	17	15	17	15	21	11	9	21	38	61	0	0	2	0	0	0	0	1	0	0	2	0	0	0	0	0	4	1	1	8	5	3	1	0	0	7	14	11	20	25	35	13	24	11	2	0	0	0	0	1	2	6	3	1	1	5	4	1	4	4	6	4	35	18	33	54	34	33	3	0	4	25	26	35	99	39	48	83	47
OTU_636	0	3	2	1	6	3	1	0	2	0	0	6	7	1	3	1	0	4	4	2	12	2	6	2	1	3	8	4	5	10	7	3	4	4	4	4	2	2	4	0	3	3	3	1	3	1	2	4	2	5	1	11	8	8	15	19	23	9	14	5	7	4	9	2	6	6	7	2	5	3	6	6	2	4	0	4	3	8	0	3	2	2	3	3	5	4
OTU_640	4270	2662	3657	2136	4412	2622	1964	2673	1856	4256	5195	672	700	355	561	1372	2390	554	1165	625	314	423	648	359	241	497	2973	1978	2066	2327	3299	3491	3096	2895	4109	2485	2179	12646	4751	319	514	354	699	917	512	860	1432	676	1643	919	1075	3324	1628	2206	1832	2058	2208	1399	1948	1091	1368	686	1559	2294	2927	3977	1162	1824	1822	2364	2722	2396	2049	4055	1821	207	312	248	302	535	498	755	607	602	1442	684
OTU_641	0	0	0	1	3	3	0	5	0	0	3	2	3	1	2	1	2	2	2	1	3	1	3	0	0	1	3	1	1	7	4	0	3	0	2	3	1	6	1	0	2	2	1	7	1	3	6	2	3	1	2	1	4	8	7	7	7	2	7	12	1	1	8	4	4	9	1	3	4	3	5	7	3	2	2	2	0	3	1	3	0	9	4	6	4	1
