,OTU,cluster,kingdom,phylum,class,order,family,genus,species,sC0C,s1C03A,s1C03B,s1C05A,s1C05B,s1C07A,s1C07B,s1C10A,s1C10B,s1C20A,s1C20B,s2C03A,s2C03B,s2C05A,s2C05B,s2C10A,s2C10B,s1M03A,s1M03B,s1M03C,s1M05C,s1M05A,s1M05B,s1M07A,s1M07B,s1M07C,s1M10A,s1M10B,s1M10C,s2M03A,s2M03B,s2M03C,s2M05A,s2M05B,s2M07A,s2M07B,s2M10B,s2M10A,s2M10C,s3M03A,s3M03B,s3M03C,s3M05A,s3M05B,s3M05C,s3M07A,s3M07B,s3M07C,s3M10A,s3M10B,s3M10C,s1G03A,s1G03B,s1G03C,s1G05A,s1G05B,s1G05C,s1G07A,s1G07B,s1G07C,s1G10A,s1G10B,s1G10C,s2G03A,s2G03B,s2G03C,s2G05A,s2G05B,s2G05C,s2G07A,s2G07B,s2G07C,s2G10A,s2G10B,s2G10C,s3G03A,s3G03B,s3G03C,s3G05A,s3G05B,s3G05C,s3G07A,s3G07B,s3G07C,s3G10A,s3G10B
1,OTU_14,1,Bacteria,Proteobacteria,Alphaproteobacteria,Rhizobiales,Hyphomicrobiaceae,Ancalomicrobium,ancalomicrobium spp.,-0.24430901459943,1.26942377783067,0.683795166666196,-0.0186320511992228,0.313711442273229,-0.719550331420015,-1.05282741734082,-1.71281355441196,-0.954277995446387,-0.786834601046822,-0.551786968891954,-1.80565470492794,-0.534247093196508,-0.870607601438962,-1.46348452638756,0.85731891080026,2.14988654808506,-0.831623688779603,-0.834663857550243,-0.717269450147088,-0.328662346921846,-0.278547252726205,-0.179219170268675,0.520083037982199,-0.392501718278169,-0.361970715683285,-0.654797197377625,-1.26933767690284,-0.990004876855086,0.787668982833568,1.67495865483708,2.40731929794162,1.93258228436366,1.63084959451602,1.54369757514648,0.608901054892278,0.49110715480715,3.13812209485143,1.5587047324194,0.281195186844862,0.199663593210479,0.413169351110454,-0.219801175910266,-0.589890055760828,-0.685297784843738,-0.601710919457789,0.189437986745848,-0.844171084092816,0.102563800506316,0.0691173450565588,-0.187204439999105,1.97281002616341,1.54091158472528,1.03419393626361,1.83656103648878,0.941858519881674,1.05585205134328,1.23176281805041,0.0933610157732954,0.688253351833559,1.24715173675434,0.0669317352185734,0.597269759060056,0.847147373519068,0.915677997865593,0.515093075319608,-0.176343600390581,-0.348244942225573,0.151984481638732,0.567014615300329,-0.11119702825098,0.136445034925853,0.20397522228462,0.0644687092136191,0.49040902088196,0.53034199395888,0.157506294088692,0.653827855429338,0.27995160439955,0.137996810909629,0.0105856001474187,-0.092321409850955,0.235891796910048,0.077500839818339,0.756517558772547,0.0161132634793502
2,OTU_27,1,Bacteria,Proteobacteria,Alphaproteobacteria,Rhizobiales,Hyphomicrobiaceae,Ancalomicrobium,ancalomicrobium spp.,-2.63915510420398,-2.96103294096211,-4.01994868472309,-3.52339571345581,-3.30095202952037,-3.13013690565509,-3.60653855632471,-4.11009223810122,-4.66752180634381,-3.8630938483122,-2.3539823940464,-6.16107310967701,-4.64989546294044,-6.00337219194449,-4.43228164558384,-4.4493333450675,-2.84721396796938,-3.80761753862452,-3.37025323371867,-3.11191013313641,-2.80583723590494,-4.9264706180847,-2.38865606421078,-4.85537945798201,-2.6917466844722,-5.09083059746946,-3.30243574216481,-2.92369194175906,-4.32113733438027,-1.56568854436424,-1.89264781589093,-1.20954549533448,-0.731539938263702,-1.71101243659619,-1.75230107044598,-2.46145003930061,-1.91146074263329,1.32827007144556,0.428309824391211,-2.65000706072818,-3.08804471002906,-3.58070608946806,-3.64139401775267,-3.31860484139977,-4.4498815764731,-4.19006349689085,-3.30526310705862,-3.31093953978409,-2.54384669565269,-2.01994609569383,-2.33298728561151,-2.03138994299291,-2.28203956266555,-3.19152404839898,-0.893666781190652,-1.31882103610757,-2.30278753915597,-0.553230997484288,-1.39814028509625,-1.35826721993203,-0.755660270409644,-2.23455704433376,-1.07771444238563,-0.926590879520876,-1.82700919512015,-2.34801088370819,-2.539535657766,-2.87601387902677,-2.99575418318869,-2.13813756343121,-2.52342711024933,-3.19709487296725,-1.99881790505646,-2.65708374972257,-2.25167008482683,-2.87484790088624,-5.4933787647533,-5.44396748217779,-2.79714023874437,-3.68327143769005,-3.68394669642087,-3.44582725585203,-3.53914256841436,-3.45198825248106,-1.6678498480678,-1.80949259572382
3,OTU_23,1,Bacteria,Proteobacteria,Alphaproteobacteria,Rhizobiales,Bradyrhizobiaceae,Afipia,afipia sp.,-0.883397102246168,-1.20818239377012,-1.18712972593319,-1.10385860438645,-1.62905514047445,-1.42137647917102,-1.42013370710171,-1.36695857814934,-1.5469480070497,-0.745314460988737,-0.566545582279311,-1.97756592091219,-1.7831174254072,-1.24737774296317,-2.2378355268991,-0.687240251518687,-0.323075205776179,-1.7308779844242,-1.02161499922929,-1.58078702696846,-0.907926586656269,-0.742818456653015,-1.33998782735325,-0.65897654335506,-1.16859420585251,-1.13988005454137,-1.31976252734933,-0.995860536514426,-1.30176996674353,-0.32725206730183,-0.59587369587029,-0.119678141805657,-0.362162877721959,-0.212706210283068,-0.76889446857949,-1.05002258314915,-1.17717768475611,0.226074665024007,0.0397126113725292,0.313871832456755,-0.615266812309517,-0.905527297074094,-0.753416576516962,-1.36184578558571,-0.632451163823814,-0.941536515238709,-0.86639801716917,-1.4466414027397,-1.10161594007031,-1.4485145967914,-0.855045381148903,-0.360667388164117,-0.666761122258673,-0.528174413219416,0.601595351261924,0.459128851495657,0.364202932898218,0.768602726843761,0.591590359846257,0.914056088425641,0.585477773942827,-0.278176527556652,-0.0714059392648032,0.132727775565018,0.24463226773564,0.14074577682008,-1.18178385819886,-1.18577949116933,-0.713270948278512,-0.737790130526307,-0.756076859417831,-0.798850210131081,-0.709085462597328,-0.186150214484012,-0.343213258542011,-1.81750540374893,-2.06435055264988,-1.94773102055722,-0.800026619292103,-1.0614623651345,-1.82112909465112,-1.05970900709101,-1.24819646690401,-1.21951744715122,-0.858742786412987,-1.44341584307211
4,OTU_640,1,Bacteria,Proteobacteria,Alphaproteobacteria,Rhizobiales,Bradyrhizobiaceae,Afipia,afipia sp.,3.39452653194823,3.49270207762017,3.34578721742912,2.97325663700163,2.97146399080813,2.75414082300471,2.78551203329513,2.9918042266297,2.67610705699499,3.71539990797923,3.78041600986133,1.47329129900702,1.61882354588214,2.05147111814998,1.02999698595948,2.54317343160883,3.26171076845575,2.25566690958313,2.84772395982138,2.53413609521595,2.11506703229417,2.29419293184324,2.62354306579763,3.26356957301202,2.68445586482231,2.74709560740948,3.4850079664971,3.21803853634246,3.02360050961007,3.52759647014541,3.35755725229382,3.93959529904365,3.61047584848311,3.41081362741491,3.4200923786596,3.02295402399629,2.76489995574305,4.39083716715194,4.04769162585251,1.94918923530694,2.36119151917039,2.05990174474727,1.42205153350992,1.50068766284224,1.54114192156566,1.73309124094021,2.28402059122346,1.07313375016613,2.06290863946929,2.14541330540728,1.91521909849851,3.56965728084097,3.13948304559836,3.05557003551458,3.51724310506678,3.5861461014121,3.56135969033691,3.59124350000916,3.675413634073,3.53759186749502,3.89254259990428,2.88157830800596,3.08783108279026,3.40213051702726,3.64914959610978,3.70771928916111,2.53444622526282,2.78706136710833,2.83683908357291,2.77713066484646,2.79152463871794,2.58353115281419,2.66232181312033,3.53353053382012,3.03323015161597,1.29763234460643,1.85458173075572,1.45648389054996,1.76926833242772,1.40823208959126,1.04354426671624,1.48215207078907,1.39075046444095,1.26128966637622,2.18855646670109,1.70546912833311
5,OTU_437,2,Bacteria,Proteobacteria,Alphaproteobacteria,Rhizobiales,Bradyrhizobiaceae,Rhodopseudomonas,rhodopseudomonas palustris,3.67242878558501,4.25562974815427,4.20850185931674,3.73421697763403,3.87190166031678,3.57353120475778,3.29739807276196,3.52193921638957,3.32654928432799,4.28115495706837,4.6387879444918,2.90998927366513,3.23755449601186,3.77196284387011,2.98545642787246,4.05291675221504,4.07247513423556,2.84201752090733,3.14791564414847,2.92715058869031,2.46347480316657,2.73576446536745,2.86371900007235,3.13602992635673,2.60686928168255,3.20404455989788,2.80898457001387,3.06424632522342,2.58175023192563,3.20956446071602,2.6726533816184,3.09430602325517,2.83183366468205,2.88321657198997,2.81923624639165,2.67177916029484,2.55873796983846,3.3294688433455,3.96456313278155,2.84673860205916,3.00223668064444,3.03815564061431,2.22642877957419,2.41080786198239,2.61634229676577,2.95661818551488,3.03864691783236,2.42891480374085,2.60761671948131,2.7274927873158,2.80815872033903,3.74497138331065,3.48630788153084,3.21022101423531,3.51560443299478,3.51882630930451,3.35930639084019,4.60217780954572,4.15946026180002,4.33459772241609,4.92929225229025,4.01914678939703,4.23984844252384,4.423834549381,4.75902811577788,4.32035675222987,3.72071922809181,3.62623450697334,3.9164909308991,4.16637936687007,3.89370892303938,3.98892184398211,4.35867728975254,4.33131813264311,4.35449094247665,3.08780717856294,3.52200783973167,3.54606992776259,3.95535214946859,3.51643643141382,3.13795323543113,3.86419409029564,3.56855825470923,3.68905692396153,4.25933843859124,3.68722743183439
6,OTU_87,2,Bacteria,Proteobacteria,Alphaproteobacteria,Rhizobiales,Bradyrhizobiaceae,Rhodopseudomonas,rhodopseudomonas palustris,-0.56756017995518,-0.0479076344619926,0.011245935078299,-0.0861454840007934,-0.428025855647241,-0.370149761634825,-0.375047579499014,-0.466015218306865,-0.803618868495531,-0.138959749082241,0.301701110421472,-1.22358974105815,-1.07564528585063,-0.924347086076535,-1.07528937563159,-0.804422776385725,-0.845900492571587,-0.914009713248925,-0.56698426196853,-0.948626914865222,-0.576924707353963,-1.32826125371121,-0.472722941108018,-0.306826706584394,-0.707074977586997,-0.960769716203298,-0.593369790919656,-0.454809834515808,-0.937821143700687,-0.287473105092008,-0.80603266270284,-1.11542331311227,-1.0504576546666,-1.02573130424733,-1.15604014635504,-1.25957299498724,-1.02402538051536,-0.444710688252677,-0.369628303561036,-0.971101250507721,-1.15943003856161,-0.707427831350337,-1.2277889460151,-1.2033586376883,-1.05277121024031,-0.892186676389945,-0.899539027070452,-1.24743528934814,-0.712653475426314,-1.62082830410733,-1.55763597953011,0.233702506351255,-0.0333406936920992,-0.309189880264261,-0.893666781190652,-0.209382795735279,-0.348292024995129,0.0409582364314627,0.33769710833255,0.184360916368328,-0.279138441627741,-0.386915742900172,-0.521659847947136,0.0365556301768208,0.112937786861529,0.545247738458275,-0.0778301729804944,-0.113406490779713,-0.0826037475572345,-0.454880180814582,0.104707750951803,-0.619393534043351,-0.324575200570159,0.204601410023788,-0.280916097146678,-1.38322488837232,-0.987587516115665,-1.47394986584221,-0.890418998890235,-0.826428928339551,-1.39718356640987,-0.875904487235752,-1.24819646690401,-1.10705378780839,-0.602573979667283,-1.28615076804712
7,OTU_298,2,Bacteria,Proteobacteria,Alphaproteobacteria,Rhizobiales,Bradyrhizobiaceae,Rhodopseudomonas,rhodopseudomonas palustris,-0.0144774050376517,0.435645263241939,0.415908887747713,0.0619683274706331,-0.300732092604516,-0.125211107633071,-0.618537755667855,-0.17005851534199,-0.405173653175485,0.776157164509906,0.885296108066266,-0.827917580064194,-1.34016576249726,-0.870607601438962,-1.55367134711543,-0.103645877943151,-0.264504907363828,-0.75551152062142,-0.294571068007516,-0.676791024954343,-0.907926586656269,-0.694754400648287,-0.472722941108018,-0.306826706584394,-1.16859420585251,-0.881964843539688,-0.633899320039637,-0.559605356590995,-0.731779047075109,-0.368679183520052,-0.975536075596,-0.684309491566006,-0.952925615814699,-1.29156837147272,-1.33692656422802,-1.64603706780608,-1.33016485145604,-0.26312330886213,-0.208851842129688,-0.513033760165666,-0.473239353658527,-1.08502811623723,-0.90249562239582,-1.34294368729921,-0.703552706714605,-0.589778003630587,-0.803239454031397,-2.06141452729472,-0.215228897287505,-0.647990275324097,-0.783450087319599,0.459750416465313,0.351395568214212,0.154542607797991,0.166741102304468,0.703646545202439,0.29542388720318,0.768602726843761,1.35927005936505,0.749660821276312,0.41152272343493,-0.0627292126229202,0.248965442251428,0.461810291790892,0.756478851660832,1.16659374880082,-0.243237708301726,-0.0553258956747742,-0.272396051730583,0.122907429600922,0.405269402752048,-0.415735164569247,0.317072790227837,1.00435282888129,0.608789872636512,-2.21249229403894,-0.585810817671036,-1.21013649814159,-0.354201837808413,-0.514141608956399,-1.30904071501214,-0.449533927315245,-0.669565602383008,-0.928897565898945,0.0173340385242602,-0.387932475930979
8,OTU_107,2,Bacteria,Proteobacteria,Alphaproteobacteria,Rhizobiales,Bradyrhizobiaceae,Rhodopseudomonas,rhodopseudomonas palustris,0.36411533953429,0.944257540095657,0.829340485099717,0.749842533839008,0.218830805881064,0.424764145125667,0.174449959968966,0.26098476585486,0.286796762061218,1.25691158058086,1.30085397728556,-0.380398946866948,-0.753320100777716,-0.597587813576608,-1.183281647055,0.240841002520459,0.0501396856948073,-0.365924908097925,0.517210987150423,0.193855306309156,0.1093421743352,0.240789686920639,0.470849784829789,0.475841652255492,-0.227043988378655,0.23188191500201,0.302616397283426,0.400916346678964,0.137908159191022,0.244311535217325,-0.0589171289959607,0.0479765462166224,-0.379469287310045,-0.58463495420285,-0.737298148696453,-1.05002258314915,-0.891243424245109,0.152139871186853,0.404467398355234,-0.00531813718924923,-0.320086421169629,-0.707427831350337,-0.353941466621002,-1.09540523895765,-0.403426878758938,-0.00491000330022828,-0.167997776829002,-1.21777632877827,0.389804941191711,-0.220675364022147,0.0184821538365121,1.05267964941081,0.949344486450092,0.66116551520504,0.57090274512391,1.1397268719787,0.761249513537617,1.31170108038617,1.76091934446579,1.29755704602153,1.07935741555878,0.946823535572292,0.54156754130144,1.05417475629994,1.08454855157206,1.67572717215927,0.14232351097851,0.713269660683418,0.556536867172809,0.268138608412029,0.884633438638597,0.092080312050399,0.676729971971441,1.41669420002439,0.916080761724236,-0.809428504649482,-0.195173011875225,-0.752896607604825,0.049963596811768,0.0328516925304845,-0.732190374404373,0.0392344551834434,-0.370288534023191,-0.491348593390072,0.499797711924733,-0.0924540658642403
9,OTU_3,2,Bacteria,Proteobacteria,Alphaproteobacteria,Rhizobiales,Bradyrhizobiaceae,Rhodopseudomonas,rhodopseudomonas palustris,3.09634784591632,3.62316776590287,3.55209376715125,3.35787411894447,3.01340649776645,3.08023062189197,2.76233650035913,3.09107857232427,2.80435837335518,4.01434443035694,4.18464472254811,2.3100584461495,2.25895179464779,2.57114170755645,1.88147733616131,3.11306515502685,2.98984418665579,2.56640394327594,2.95194054967711,2.66722595891058,2.63817236011175,2.81880458715927,2.99218561572347,2.91770456742546,2.70903565755675,2.84656665730392,2.77673137124018,2.93812025530607,2.55890662480657,2.97128951390309,2.52313227913516,2.79842300217447,2.33094176869568,2.27006603313253,2.06915961663358,1.92660573826327,1.9871929252857,3.01424746600958,3.22467414837052,2.86946079225145,2.5787924754925,2.21636530610804,2.19458563894212,1.81036118926691,2.45083493772709,2.74826592942766,2.50431810083307,1.53491471191451,3.00298326734648,2.47274635976667,2.66425895934072,3.60830766895137,3.4138416714982,3.26389430061465,3.33188800917493,3.59821916269593,3.40481137259457,4.13048432169598,4.35637412209687,4.08223946216047,3.98598349977164,3.44237013810305,3.61299650671169,3.77507236744318,3.91749382756665,4.28950131360235,2.93176978058822,3.2008357680404,3.19235984895015,3.28229993426727,3.60490326078091,2.94979149045894,3.53532139703114,4.15469488561185,3.71276980492577,2.01416848075988,2.52472288755976,2.33772629600694,2.95924759378437,2.73443600438714,2.0999324010625,2.86399847293386,2.57212362921023,2.49440706429927,3.41151598802807,2.79147577836628
10,OTU_136,3,Bacteria,Proteobacteria,Alphaproteobacteria,Rhizobiales,Bradyrhizobiaceae,Rhodoblastus,rhodoblastus acidophilus,-1.15304235279267,-1.49322290569806,-1.75350641707582,-1.28495267020177,-1.6518720805081,-1.47228132409777,-1.83779607507105,-1.6334114850571,-2.43422999333453,-0.577248250401141,-0.763067545842396,-2.44780122847265,-2.59797371754062,-1.72752495984458,-2.10654233071025,-0.961129686703321,-0.468932449612237,-3.23360347486895,-1.98056572801828,-2.46698643223978,-2.80583723590494,-1.76472590657616,-1.732731131535,-1.87480599329282,-2.6917466844722,-2.67518905085297,-1.36169125304549,-1.78751065112147,-1.70112939220448,-0.434227055248982,-0.476879778931214,-0.474472722495566,-0.362162877721959,-0.199847709821574,-0.76889446857949,-1.00384266962298,-1.69123282702689,0.0543284017957149,-0.46087905990564,1.36067862158838,0.265034707000309,0.00225316600676084,0.539685037416132,-0.39792393083719,0.86403094237306,0.347852261461768,-0.261401672874175,-0.506085907468273,-0.140869887326839,-0.982538786064919,0.383119236487973,-1.52972242734846,-2.60760619387174,-1.98522465038784,-1.20789790182952,-0.738375742187542,-1.03535302379645,-0.245236102192639,-0.491537137458773,0.0439139362683827,0.311701241948022,-0.698936500415903,0.465065139969329,0.642414509917507,0.0648814436438627,0.641462472476418,-0.47585948985135,-0.348244942225573,-0.856841287972387,-0.604862201092134,-0.386929720922342,-1.0331210714897,-1.06345960113244,0.386570120504063,-1.28648040985326,-1.9326585738888,-1.66975039806826,-1.40119088178231,-0.938876160807607,-1.01825105706895,-1.85696205234971,-0.387550985770736,-1.29538641293904,-1.21951744715122,0.132072931799415,-1.67203303490033
11,OTU_5,3,Bacteria,Proteobacteria,Alphaproteobacteria,Rhizobiales,Bradyrhizobiaceae,Rhodoblastus,rhodoblastus acidophilus,3.28028603210901,2.63416856856598,2.32161167392101,2.90196141181197,2.59375057025675,2.6735671890611,2.54235186278441,2.67953199051534,1.91739388625461,3.2016214787763,3.24164747576056,1.81196026971512,1.74979448654137,3.2028950860118,2.31409540741264,3.54131369863953,3.85523314592223,2.34863068544189,2.38863916352009,1.98273321556358,2.0990303559224,2.10204772732614,2.21135756591686,2.83144668963194,2.39831438943208,2.24918728421272,2.55858664469786,2.04358303499466,2.09366765949262,4.19720464677199,4.21698130979824,4.70213403281105,4.49120627696687,4.49836527791149,4.03752375951068,3.88178091642903,3.52368886767135,4.48286081172148,4.13606428890316,6.97535697143518,5.56050293662584,5.60684558731039,5.81112315446856,4.62210593191199,5.94464743759318,5.26252418248214,4.47783939934911,4.30484646853376,4.68308623670033,4.19757676416452,5.10638224284711,2.3696832604908,2.37519795759337,2.26353728363531,3.14380194564652,3.16458000812888,2.92124467290064,3.88192649407541,3.23739365228142,3.96087237174023,5.00801608992493,4.17182008187593,4.14644558135867,4.61284797398701,3.79125918318506,4.45347377704361,3.62772550513108,4.39832457429265,3.64754358489009,3.76372199323833,3.66249236011661,3.37204985568292,3.11924023666094,4.48176083425392,3.10371434043939,2.95441316494724,2.93878144009314,3.10231079927203,3.68987508108225,3.30526300651825,2.70358844032225,3.75678666597778,3.22154002365264,3.25615187988362,4.04609934911133,2.8783490780777
12,OTU_429,3,Bacteria,Proteobacteria,Alphaproteobacteria,Rhizobiales,Bradyrhizobiaceae,Rhodoblastus,rhodoblastus acidophilus,-2.74197538569272,-3.23356566936946,-4.01994868472309,-2.58666946409614,-3.95536022687635,-2.78576657956951,-4.54286469230106,-3.73561069828695,-3.68690282980442,-3.48500508887731,-2.3539823940464,-4.19368764897422,-4.08819655176563,-3.7141121813906,-2.78412632687386,-3.02076750102274,-2.00677095941693,-2.87122677036657,-3.01221965002417,-2.73833425460413,-2.80583723590494,-3.48420933213448,-2.38865606421078,-2.51843592710192,-4.96153013424242,-5.09083059746946,-3.65653782831326,-5.73599893213116,-2.48948968307043,-1.2655612267277,-1.89264781589093,-1.11542331311227,-1.52148280996526,-1.29156837147272,-1.89010959358427,-1.88739522960298,-2.07141409307187,-1.51500880660345,-2.18503050246295,0.82975614247295,-0.34889781263025,-0.433974853312151,-0.219801175910266,-1.30617872951931,0.00530218094890955,-0.601710919457789,-1.28537028474078,-1.58427973288378,-1.57097388149631,-1.8291454060499,-1.22861386668708,-3.08542903989497,-3.09343860496875,-4.40329149317429,-2.81706916078469,-3.81952671453281,-3.31871144015305,-2.22221509586964,-2.25136308335988,-2.68770164508143,-1.36786801392704,-2.01707178727779,-1.76260116143604,-1.61156369035428,-1.82700919512015,-1.91868106332845,-2.41070514207766,-1.41378601009021,-1.877402736798,-2.08206741967029,-1.84485384875657,-2.46400769736011,-2.53126506435214,-1.18222493306272,-2.81978851274387,-1.9326585738888,-3.70588806664578,-1.94773102055722,-2.52073049008399,-2.28746325092222,-3.47958299353121,-1.90766954390048,-2.50154881877448,-3.2822853727576,-2.01752359654755,-4.51629773060568
13,OTU_569,4,Bacteria,Proteobacteria,Alphaproteobacteria,Caulobacterales,Caulobacteraceae,Caulobacter,caulobacter spp.,-2.24134964635386,-1.67343622664546,-2.06670581480372,0.455249255063456,-0.505622961569023,0.201911853615032,0.737160385271157,-0.606012054594537,-1.23386021001027,-1.23366923152673,-1.33280153890469,0.598499296812658,0.425403313078681,-0.416014958780767,0.234494562044266,-1.20719003961752,-1.21008712138058,-1.33484170880039,-1.5511763169851,-1.18213365417798,-0.257941486686753,-0.605046676404954,-0.659726382765622,-0.411012078679788,-0.990034609712499,-0.881964843539688,-1.09952620168732,-1.86594766265813,-1.33903930102121,-1.89422670008393,-1.83648368425098,-0.842043345156249,-1.23768474820743,-1.29156837147272,-0.83524964178489,0.682585934201074,0.367901082990121,-3.19140960807688,-2.57285953888502,-0.0505632203270698,0.465098606482239,-0.0663328080801069,-0.489377096319355,0.454948667760132,0.767291005078142,0.197798102661793,-1.38975734628933,0.137674680743531,-1.00553073886862,-2.45128870432805,-1.71997781314665,-2.31150380972106,-1.84007290043711,-1.85407408549943,-0.893666781190652,-1.2553116443495,-1.23333059410187,-1.00060313069113,-1.24628767494169,-1.48901641307581,-1.01562820995825,-1.33533815949286,-1.61080365891604,-1.43195950574625,-1.74854773221913,-0.0883706535419106,1.22657510656738,0.847708834226192,0.964966500831313,0.676477349942807,1.12523679599507,0.652278118011552,-1.02375472479947,-1.07771190873327,-0.804616729637733,-0.0072173722954032,0.47021721908109,0.135483826046986,-1.16027326727674,-0.526996680275976,-0.685891303826542,-1.01049491473618,-1.20313342046678,-0.472373913844715,-2.28221615077463,-2.82709555797572
14,OTU_215,4,Bacteria,Firmicutes,Clostridia,Clostridiales,Eubacteriaceae,Eubacterium,eubacterium sp.,-2.74197538569272,-2.29104898403368,-1.84741273965323,0.0874533761274474,-0.735521174061524,0.28184254832629,0.870055037333366,-0.925141413216908,-0.75250076638456,-1.63621719850125,-1.71833948254883,0.134878745997295,-0.117885279259964,0.307987316556694,0.532597971338171,-1.30479432797971,-1.55666352473117,-3.80761753862452,-2.74912457415991,-3.11191013313641,-1.64847963509776,-2.91684796313535,-2.38865606421078,-4.85537945798201,-2.0516493689998,-2.29994607317811,-5.55233391225914,-2.92369194175906,-4.32113733438027,-2.38678066393013,-2.08297797571851,-1.3134559279693,-1.41767408879006,-0.792545955130203,-0.490499518493662,0.837144496638827,-0.0753462738071882,-2.31718404143151,-1.90628449067316,-0.476943401733732,-0.0482263777711838,-0.961855255938895,-0.634826605189567,0.315375485819565,0.245917560863397,0.0775179319726051,-1.92182802558405,0.398207328427474,-1.04558519299058,-2.56542603376198,-1.95761934196174,-2.87545008390704,-3.09343860496875,-2.80747358247374,-3.18464583080659,-2.38504822877336,-2.02593935206255,-2.49568558829309,-2.46512209770793,-2.30710936942842,-3.22897169523874,-2.23455704433376,-2.61529715195417,-1.43195950574625,-1.60798209245254,-0.258841224427131,0.527917128091413,1.05677634665472,0.495690955441041,0.367062989396445,0.639227510048809,0.201767626349506,-1.81116322823472,-1.58346332478985,-1.62743419044704,-0.24743987640064,-0.246203153622075,-0.467511384301014,-1.29255906405104,-0.227390412310078,-0.065514416113551,-0.66251997367594,-1.00402526489826,-0.167009049679526,-4.16928579980701,-3.35078118706519
15,OTU_521,4,Bacteria,Firmicutes,Clostridia,Clostridiales,Eubacteriaceae,Eubacterium,eubacterium sp.,-2.74197538569272,-2.96103294096211,-2.62723525775206,1.18482099641554,-0.0531817931194301,1.28474511162759,2.02513904290562,-0.243350378054911,0.0928930282198106,-2.82000486743926,-2.66387015249037,0.984361411581106,0.710341890992339,1.51711581272413,1.71115338357531,-2.4552561971483,-1.92868876319157,-2.60580573990765,-3.93327371887564,-2.46698643223978,-2.17850612271619,-1.63650254979817,-3.57673247583929,-2.51843592710192,-1.66451193319226,-2.67518905085297,-3.65653782831326,-3.55850770657972,-2.76387033494796,-3.03565801214135,-3.07438761111259,-2.10643532650173,-2.44187011329544,-2.13781934876774,-0.45469778562784,2.04568375019004,1.13561871510755,-3.81815640440463,-5.52086127320328,-0.255298523474586,1.06881251665482,0.165022186129833,-0.766087329433766,0.95278009635552,0.800588395224862,0.309987380029719,-2.46909694302231,0.353681422562049,-0.942144634056936,-2.69428953534174,-1.58806414732561,-3.08542903989497,-2.28203956266555,-3.8230485827363,-2.54888359430304,-2.59631274819806,-2.95373609807512,-2.49568558829309,-3.72029206562302,-2.30710936942842,-5.58430806339934,-5.8025797450073,-5.86985618868305,-1.83064497863476,-3.1535076868891,-0.327526523013831,1.58171561803155,2.34654748536436,1.51997476324019,1.11442739835255,1.54076835527118,1.20934459442013,-1.61734642949088,-2.26403650135725,-1.68722790850957,0.297256853695626,0.822274053830681,0.262864138613671,-1.53100883063441,-0.440299512908878,-0.223310744581386,-1.18493839792943,-1.11867685865261,-0.382552435189132,-3.58149913490489,-2.97314945037196
16,OTU_9,4,Bacteria,Firmicutes,Clostridia,Clostridiales,Eubacteriaceae,Eubacterium,eubacterium sp.,0.807273246088229,1.2483845410501,1.01991654694328,4.90242027740544,3.88997389867223,4.96673856222489,5.59227621021051,3.58878395803173,3.74899887384445,1.22056186754904,1.21201511325567,4.939999189413,4.64927178544844,5.12633625751239,5.29463763543719,1.5558383263771,1.47727392565599,1.64936525157093,1.74880751459074,1.50862558291973,1.85488813820186,1.72801714992835,1.77792065692472,2.09940268710895,1.74370088062824,1.50232629548103,0.944392872426368,0.871166384829319,0.900811764023667,1.02890072101078,0.387817943434931,1.58449361785975,1.39047260864752,1.34879785322098,3.46668646097862,5.76358401165548,4.9153463102412,-0.799500218800776,-0.239005449100737,3.49135051281314,4.84426198379269,4.00195448325287,3.09955157817439,4.71393453757189,4.62211568780464,4.17854866729506,1.98141614714958,4.51177658834448,3.4026156201888,1.35796173856902,2.32520982250602,0.770301153122962,1.06334100321297,0.751371648476527,0.911075443672261,0.856245375142693,0.819123367889714,1.14487486239735,0.613765209393859,0.926609743172652,0.64362827785467,0.829186936508035,0.353008503273893,1.8690291980031,1.25177224540431,3.29117105705682,5.29735773450266,5.93723900481606,5.33172213200443,4.87514717782131,5.29215520209815,4.94153039228056,2.09094268175569,1.77869527405632,2.68776300237101,4.2670357064483,4.56926915866714,4.28136904103977,2.72931991170466,3.52028625572022,3.64591760887228,2.7877012153745,2.71104681218654,3.48755285925572,0.681180742136423,1.33684055081824
17,OTU_25,4,Bacteria,Proteobacteria,Alphaproteobacteria,Rhodospirillales,Rhodospirillaceae,Nitrospirillum,azospirillum amazonense,-4.75441407822239,-6.04463446304252,-4.01994868472309,-0.441869638320085,-1.444213910787,-0.539892251268554,0.254338143732854,-1.75501125037466,-1.5469480070497,-4.47834057884965,-4.54534566031246,0.173810375224454,-0.266205551593236,-1.04135217744438,-1.04646164051036,-6.02522838875602,-3.05571407661933,-3.23360347486895,-3.93327371887564,-2.73833425460413,-3.37907575734954,-4.9264706180847,-3.57673247583929,-2.51843592710192,-2.6917466844722,-2.67518905085297,-3.04145960939916,-4.14430342059794,-3.76199787240644,-2.76986589860892,-3.54707245179459,-5.5477302558155,-5.6880168008512,-5.86699517797453,-2.78420605612036,-0.64705424744212,-1.17717768475611,-4.68806026175716,-5.52086127320328,-3.02311094255563,-1.03589936978076,-1.69895704585339,-2.60865741248383,-1.69903763237162,-1.35553222189326,-2.01343393775971,-3.77298518438571,-1.82101602910466,-2.90729949914902,-4.43845413250677,-3.59116264857023,-4.2925945892172,-2.82130393710468,-3.45824046743217,-3.18464583080659,-3.81952671453281,-3.89938474441002,-5.37018675358347,-5.52906473200615,-5.29547913258127,-5.58430806339934,-5.8025797450073,-4.08116183025691,-5.72925257332131,-3.1535076868891,-1.91868106332845,0.0941320358523221,-0.0647747463061208,-0.446537982197114,-1.57867360826311,-1.34757115212949,-1.72011989235849,-3.74560797910803,-4.50607839306826,-5.94742657699091,-1.45628375806128,-1.10399089799366,-1.15378378363603,-3.80987557952183,-2.75936241804301,-2.64935610529607,-3.13423302188573,-3.53914256841436,-2.62139961164968,-4.680111423573,-3.35078118706519
18,OTU_548,5,Bacteria,Proteobacteria,Alphaproteobacteria,Rhizobiales,Methylocystaceae,Pleomorphomonas,pleomorphomonas oryzae,-3.52168543166326,-2.17587307447448,-2.74081991612375,-2.2756214509541,-3.42885655107464,-2.78576657956951,-2.21037504134297,-3.25028222573223,-2.87604271557251,-2.99663329535848,-2.1904638919287,-1.4728569444676,-1.87275553157776,-1.72752495984458,-2.33603806619603,-1.95575713201337,-1.60982930015201,-0.914009713248925,-0.620583628455003,-1.25015057520902,0.199713422475846,-0.0328165551425004,0.265196034558199,-1.48640692322753,-0.486775632367689,-0.408070032205462,-1.03571580950405,-0.898239934082718,-0.990004876855086,-0.606284253606407,-1.2084849664252,-0.775935605446969,-0.808931019861769,-1.05534499096995,-1.42573236146362,-1.7837645304866,-1.65246142869387,-0.679263169569631,-1.03980679593265,-1.59623949292642,-1.37911340559868,-1.30395542377969,-1.97448720712767,-1.84252617300502,-2.71242686130933,-2.51436557752893,-1.92182802558405,-2.3785334321077,-2.74576348166747,-2.17093816176723,-2.33298728561151,-0.582739715160182,-1.02900879220086,-0.853148088861082,0.539238192634702,0.222743012706714,0.407560637523696,0.0895356863998806,0.591590359846257,0.307489871411346,-0.327680343824741,-1.00215100882925,-0.703030512427739,-0.926590879520876,-0.612978595775088,-1.10482301101243,-1.33432728569429,-2.38649205417116,-1.43864137410916,-1.4261226709452,-1.60956175852429,-1.38274107857349,-0.627271774936431,-1.76325740052443,-1.5710149377639,-0.936214112042229,-0.83501591773982,-1.55242105061687,-1.22423031726887,-1.36928056744002,-1.82112909465112,-1.76180044772341,-1.31984362447531,-1.66127539921457,-1.80843179868899,-1.40992192141859
19,OTU_259,5,Bacteria,Proteobacteria,Alphaproteobacteria,Rhizobiales,Methylocystaceae,Pleomorphomonas,pleomorphomonas oryzae,-0.226646058705779,-0.142969157299005,-0.270535875183687,-0.797187877624309,-0.638809672229902,-0.145788321723907,-0.339662285371118,-0.272281584083871,-0.194312687790928,-0.0849954392147758,0.15403786960077,0.609144297306919,-0.0176681370531808,0.992136479974386,0.61951598908837,1.21407948959215,1.34988678085555,0.384033047506128,0.687216452810795,0.652114706750757,1.4844852883073,1.66799302439962,1.54422576132661,0.679739708019825,0.422655817076983,1.04009761689284,0.334528866721513,0.29391549369734,0.275404012787234,1.70813851465557,1.32754129909887,1.59051293400917,1.47319181831157,1.32126842882793,1.1110949314834,1.01389139809492,0.49110715480715,1.06916823313525,1.6937147225971,0.894767606066093,1.57478000564753,0.74646426099257,1.07720774612747,1.27136797582159,0.427904890146673,0.660416010110261,1.36844909596523,0.460122531303792,0.437296035885566,0.575523134672979,0.183754836534111,1.88920623121722,1.82463889737164,1.89359576884385,3.64466698924101,3.41831886359873,3.40003371083923,3.09304971399467,3.04019837345443,3.38117177791055,1.72827401427101,2.10664104186603,1.95887693867182,1.88107153276397,2.05966888404103,1.92113131516895,0.852854381346004,0.816738668887398,1.48029035680744,1.47865319179378,1.40050346528677,1.47307901034803,1.26431402005911,1.2714826147555,1.55959882879805,1.38978120630562,1.25377289715758,1.01252303944513,1.53960063555711,1.45921789830528,1.04554863588715,1.32788455903905,1.51448123567542,1.33641603414839,0.990918264611391,0.773031454671362
20,OTU_4,5,Bacteria,Proteobacteria,Alphaproteobacteria,Rhizobiales,Methylocystaceae,Pleomorphomonas,pleomorphomonas oryzae,3.59979637687377,3.77377077218887,3.58771183050012,3.1205478488276,3.25543769321446,3.4996080475882,3.44756148817043,3.52259947105503,3.47371993333741,3.78241445973268,4.13809569595108,4.40497909305494,3.83636798247863,4.6976504525699,4.33405057670922,5.05628888101865,5.2227530320532,4.16061087650831,4.45298414521113,4.19201876756471,5.16670942090287,5.28733723850536,5.27767940867292,4.63632201675523,4.36630765340842,4.72713234675643,4.16659423320846,4.07446412778525,4.08913926506483,5.34163416312194,5.18579502673383,5.43674733575831,5.18627366147177,5.22266995906939,4.92202799049441,4.83215827984768,4.23827326629014,5.25733643608555,5.6618610672399,4.630152217418,5.04284313185036,4.5113609705526,4.77525457559269,4.96946494388751,4.21639426883398,4.49482989992067,5.13741255579472,4.35043613143963,4.51605557059318,4.65512213970218,4.27339192412412,5.73639910278204,5.5803832286609,5.65313006940382,7.08908442403288,6.93251681737564,6.90534452227693,6.82981272725889,6.74651739621204,7.13210945599693,6.09496455207368,5.92399403598728,6.01793605832259,5.73039444398973,5.92636600788923,5.68798259610139,4.68778051233565,4.4917594329749,5.21933113876271,5.22598228578929,5.10925726335186,5.25160744064577,5.10871398398202,5.01052635824586,5.26405887003184,5.01885643310731,4.98987780963694,4.67857682165628,5.30794975045591,5.10449309862126,4.80141522259434,5.07221405209961,5.2685727089556,5.08063869602483,5.11647739381503,4.85353329636052
21,OTU_565,6,Bacteria,Verrucomicrobia,Opitutae,Opitutales,Opitutaceae,Opitutus,opitutus spp.,-1.32116508606269,-0.498472693345922,-0.211296421641038,-0.838668282623723,-1.21110308585513,-0.879256820172364,-0.859881556137679,-1.23051304230309,-1.26110955258553,-1.49759573290544,-1.07977009115128,-1.07997452456641,-1.235705473734,-0.416014958780767,-1.07528937563159,-0.868601164067838,-0.796279169169081,-2.87122677036657,-2.22203577720277,-2.46698643223978,-2.80583723590494,-2.55709150739511,-2.38865606421078,-1.87480599329282,-1.66451193319226,-1.81397350771888,-1.99849902357534,-2.26103812398004,-2.18205208940222,-0.109334590865545,-0.39609264166845,-0.405897404054738,-0.808931019861769,-0.428530235931341,-0.566194079250048,-1.12355526126452,-1.69123282702689,-0.571943769822617,0.511168517309243,-0.375885591349348,-0.780859044475251,-0.707427831350337,-0.692364672352709,-1.12507847322336,-0.977323063148331,-0.543421270459175,-1.31046336534673,-0.97277518597781,-1.34510667155879,-1.20400210763855,-0.797364938657502,-1.58028965602469,-1.60269379533488,-0.853148088861082,-0.620140869481346,-0.667552185629806,-0.832808435839071,-0.64773236628206,-0.944545343247834,-0.880288644695564,-0.682123699188691,-0.466587987168442,-1.11991348385091,0.0109945693009283,-0.0805858932357655,-0.0662273372494244,-1.04945960236145,-0.976323770518682,-0.732561554836506,-1.05266333995709,-0.952822143312122,-1.14819578601166,-1.31547867122648,-0.983095665552344,-1.68722790850957,-1.19147980528299,-0.744868999040845,-1.40119088178231,-0.757720597365148,-0.711153546175746,-0.393723942534812,-0.821447377767304,-0.332686505624768,-0.613442847919281,-1.06919351092878,-0.864890464305793
22,OTU_409,6,Bacteria,Verrucomicrobia,Opitutae,Opitutales,Opitutaceae,Opitutus,opitutus spp.,0.957308866295885,1.55693930933242,1.56017925965043,1.00094314787981,0.446705646038724,1.16141409440395,1.42973527376714,0.54406172568217,0.943444582355863,0.0243745041908925,0.332423931434032,0.602060235833553,0.808119764642589,1.63910098804673,1.01564393711157,0.800683387823672,0.913250736222115,-1.2119100947887,-0.677219404671463,-0.849574772152297,0.0357651398633054,0.0372899277030552,-0.375291856592431,0.642151127692339,-0.0210535378543231,0.0099574952581305,-0.743050510551678,-0.652144873868769,-0.510021861524871,1.84653353897724,1.32291497714975,1.778686214709,1.32915701816954,1.55426051353048,1.28179583094693,0.886051168146071,0.477641684712768,1.30084490352526,2.49557872759834,1.81887990409299,1.53114513989294,1.18882976029969,1.05475429335194,0.849597039411534,1.00030498971495,0.99513651498776,0.412180315434856,0.571078625424573,0.360188556176214,0.44740755679627,0.595561509804235,0.479780480266834,0.11619653655768,0.966976578082921,1.05540673788319,1.35130201329433,1.42311543742106,1.12823269976449,0.635458983480083,0.588435058651942,-0.0665197698830893,0.956862155572003,-0.102082844597744,1.80007213387952,1.92356327328792,1.89836250445609,1.02255625984828,1.04745469663928,1.45439001837515,0.98100416913489,0.81817864498452,0.708252882547807,0.311967567464137,0.58378475994891,0.402908255667587,0.962498402906706,1.16207824724609,1.06153742300503,1.16517370304761,1.09997161926327,1.46991629694349,1.0295771330167,1.60217251794949,1.38598266525294,0.376134381775306,0.467064852233925
23,OTU_2,6,Bacteria,Verrucomicrobia,Opitutae,Opitutales,Opitutaceae,Opitutus,opitutus spp.,4.80769719662231,5.42057307869242,5.53564761274545,4.95158204983599,4.58788888411667,5.00941761245852,5.16552753613427,4.57863279943574,4.64835751541165,4.19799583023041,4.69007202685533,4.68621167885673,4.73809556638974,5.44444296864074,4.82134913765048,4.92466395113648,5.03846706516377,3.01064703055485,3.44676568342797,3.206101169026,4.06833539180618,3.87378426476654,3.57649755044721,4.23124740170067,3.80868540359442,4.15054480323453,3.36357565471442,3.38821748236785,3.37532673698538,5.75846705430854,5.45166026110907,5.7272732699102,5.33670235376687,5.547520622072,5.2350034622958,4.80239381273741,4.35542175374278,5.5922360094804,6.51993151792273,5.66318530993059,5.34272349006516,5.13797628213702,4.94769870251288,4.8121248998192,4.92546494322399,4.98317240643049,4.40930429231981,4.90499277472808,4.44749036251716,4.73570704754143,4.82212798335664,4.64055894882586,4.14000216446232,4.81107270265129,4.84716085935534,5.1460850912591,5.10413180745868,4.93714949525351,4.65277342607517,4.77481259686572,4.73948336315258,5.04354443145951,4.445400665252,5.85163028239564,5.83196031876946,5.8908887914923,4.98529611513821,5.02383278145,5.29148917839204,4.9084234659719,4.76638073672934,4.64583342953402,4.47541224126639,4.58531115215435,4.43387726501026,4.83354434772081,4.94573751098433,4.96873524438841,5.24771051082323,5.08274729544386,5.4123315759057,4.96003378158562,5.44103041923459,5.28148880154965,4.64233665051825,4.83293277666786
24,OTU_41,6,Bacteria,Proteobacteria,Alphaproteobacteria,Rhizobiales,Methylocystaceae,Pleomorphomonas,pleomorphomonas oryzae,-1.95751951331521,-1.43971122285234,-1.32315894857093,-0.999112399705996,-1.48243829844287,-1.08701560517208,-0.38712650483968,-1.6334114850571,-1.66381050674542,-2.22692981613054,-1.7665223670493,-0.66389610602184,-0.994509111234174,-0.321045283462159,-0.363183894896753,-0.961129686703321,-0.981929515905425,-2.07555932801876,-2.36886625385405,-2.73833425460413,-1.79597883768365,-2.08439932284035,-1.26191676522318,-1.87480599329282,-2.6917466844722,-1.04632016997871,-2.38975816849323,-2.14670135848549,-2.37618006424268,-0.814226148299735,-0.80603266270284,-0.950199677361754,-0.836118795172326,-0.547778442341889,-0.963152143641539,0.28816740405284,-0.927416716164235,-0.666753983129368,0.37176660255863,-0.629846900776537,-0.615266812309517,-1.82803738732072,-1.1132101004527,-0.255702383607283,-1.22324477598634,-1.01136948650032,-1.19085727282905,-0.527835636604294,-1.48282674507932,-1.37234788937341,-1.44441483202588,-1.52972242734846,-1.75453097131123,-1.45418638528752,-0.491970132156449,-0.509750159311126,-0.304105721142028,-0.868655054519808,-0.944545343247834,-0.807044777950442,-1.36786801392704,-1.24107206418082,-1.11991348385091,-0.666122535276873,-0.612978595775088,-0.219786166643137,-0.202566746745473,-0.299054959390187,0.0325315562544448,-0.31512682215291,-0.0718186022354947,-0.139418280078305,-1.65322051569547,-1.39640532716941,-1.41866164152941,-0.662069424904449,-0.481189619284336,-1.04979444841195,-0.844201808832802,-0.844037688570114,-0.620229573024223,-0.848305281201462,-0.514289113353636,-0.692217705507428,-1.06919351092878,-1.44341584307211
25,OTU_284,7,Bacteria,Proteobacteria,Gammaproteobacteria,Enterobacteriales,Enterobacteriaceae,Escherichia,escherichia spp.,-0.818050965577351,0.378107109589112,0.273054929705657,0.305176485921002,-0.407867809607692,-0.923513477988638,-0.649649385049003,-1.59595601700798,-1.94873604473936,-2.14123394568297,-2.11774832590081,-0.129770672560943,0.663202151097562,-1.32670404163643,-1.44215376824154,-1.33956743736604,-0.486534347292581,0.462911900837222,0.882699196275676,0.468127808511912,1.021481889144,1.03615736816067,0.922519343975625,0.938348613498518,0.813208610201363,0.7457267787508,0.172961200682487,-0.307091645129033,-0.117539892546089,0.845830744183571,0.585466864733595,0.3170172491318,0.767048672379988,0.535388934115514,-0.0310480471429395,-0.837888167579259,-1.08681349471451,-1.7064168396891,-0.286012413116442,-0.861168377530569,0.503217386161404,1.69218683406398,-0.54914216970594,-0.752296296896893,-0.84161770966962,-1.04820415790995,-0.687760588570717,-0.644301919449723,-1.48282674507932,-0.515060806765811,-0.666230423232718,1.08206329671197,0.455560425789158,0.625767437646209,-0.183830870554515,-0.323790539867744,0.127873998301641,-0.349936112609723,-0.491537137458773,-0.674919151091527,-0.489279780717632,-1.00215100882925,-0.76152545748584,-0.523865478020089,-0.688483014775667,-0.744976537968713,-0.905420821387898,-1.86925242150555,-1.02453594996649,-2.19753929538844,-2.68523381070975,-2.53115982479252,-2.62325631460791,-2.78534004746567,-2.36635434367189,0.0104217355107075,0.980014053300206,1.20603235523225,-1.53100883063441,-0.937056392319501,-1.62952463765707,-1.32812588004161,-1.45199735118495,-1.26000324466094,-0.815879081981205,-1.55120538974472
26,OTU_584,7,Bacteria,Bacteroidetes,Bacteroidia,Bacteroidales,Bacteroidaceae,Bacteroides,bacteroides spp.,-1.40287812134047,-1.81459494351743,-1.41464858275748,-1.79088334213708,-1.74873210593697,-0.985744394821435,-0.821628535793716,0.0857578898343192,0.219983983270883,0.490214900848218,1.07785875950808,-0.567812768304637,-0.679569600821313,0.241421145480912,0.25015766648669,1.68930596485812,2.39159889102963,-1.94700779927556,-2.5410287233253,-1.79885205481395,-1.96906203267411,-1.52286755415388,-2.65227140064991,-2.51843592710192,-1.66451193319226,-1.63796294090855,-3.04145960939916,-2.7126343847535,-2.9356766926465,-5.4820159092668,-3.28305736047753,-2.76806136864723,-2.31321608384249,-1.45675113518216,-1.6699628474598,-2.2061922370013,-0.313736728277858,-1.03895134272088,-1.31246435977928,-0.810425013523866,-2.05513701128999,-1.58464968810623,-0.932161281515325,-0.0769706282977296,0.468660025757737,-0.146687014825731,1.04848144115837,0.403997092405486,-0.355221213847601,0.906346620775659,0.643130185326025,-2.11633157693072,-2.43163177797581,-2.6595265573477,-1.66867407811888,-1.71609101613727,-2.02593935206255,-0.599365783433296,-0.596176826990678,-0.193205941199057,-2.19568870624533,-1.07562639499883,-0.960853462053685,-1.37860861139481,-1.27623521174258,-2.34801088370819,-0.424804442250651,-0.482976750873469,-0.752231620898389,1.1188783834305,1.027276733878,1.17751062718413,1.72958301537974,1.47245137975506,1.66634152625512,0.0447931123550926,-0.70267047471838,-0.223889718584928,1.7592895648365,1.36431442038232,1.38378696537205,2.22092175903262,1.72374051840939,1.57744385383591,2.08261808335888,1.608895502604
27,OTU_8,7,Bacteria,Bacteroidetes,Bacteroidia,Bacteroidales,Bacteroidaceae,Bacteroides,bacteroides spp.,2.59165298840812,2.27299796293768,2.5769260256775,2.25653201042399,2.45985676418651,3.11405604629592,3.2392931250103,4.14034808517171,4.22447831596213,4.40652723955653,5.09816221148413,3.70373769165653,3.62028579093385,4.47810095146699,4.06054073520365,5.55499141904552,6.27099014330184,2.11652440386934,2.24738004650222,2.41899027897304,1.90322774382956,1.94422095274443,1.73384696628864,1.84708605257433,2.30582453172759,2.06035617568271,1.28772551716782,2.41054963302489,1.88130028583847,1.20134144045132,1.05004590873009,1.3585270865329,1.57956924501722,2.50240327146933,1.82807539945825,2.10484088007705,3.61911046444818,3.16945176369087,3.06999065992605,3.06701515729343,1.81300000680095,1.81842492166114,3.10938705290968,3.84159021287978,4.3593735162054,3.79226020933065,4.88689532495839,4.32889893076127,3.68616894976319,4.96908951159663,4.6626476333817,2.30788944268487,1.66636155144527,1.54533223332155,2.46423982403282,2.56891256843029,2.50813632901644,3.50235780660675,3.71516337601594,3.89192919086898,2.88016176989659,3.06968480898633,3.72553095531539,2.74083348195718,3.12393026026695,2.2782604099473,3.43917242413113,3.4568236611325,3.33076618520426,4.92312313569171,4.86785231594935,4.98271648684363,5.66383939585646,5.26163673201746,5.47844232818278,3.86097501843196,3.28043919161852,3.74026258555628,5.50860924282038,5.18026767847417,5.30399718839824,5.96393243360985,5.46628772639923,5.35433303086886,6.05189155576525,5.64505921832992
28,OTU_608,7,Bacteria,Proteobacteria,Alphaproteobacteria,Rhodospirillales,Rhodospirillaceae,Magnetospirillum,magnetospirillum sp.,-2.63915510420398,-1.49322290569806,-1.7096656424661,-1.19031184413909,-2.568313264657,-1.74016395727584,-1.12640834476445,-2.92493954372389,-2.63093244969065,-2.66994064404961,-6.12882468715324,-1.15949960959062,-0.708420442059147,-3.07296455808928,-2.19212882138094,-3.86534407825813,-5.67735159436323,0.676715829007095,0.534705755424064,0.125109039749676,1.12941101319445,1.15365445839413,0.922519343975625,1.40720911348667,1.1902967632983,0.760498938997981,0.350111150040555,0.174078245323773,0.0472128185993235,0.221131353036122,-0.730964093434428,-0.18835737377589,-0.345150891754423,-1.33037709345318,-1.52320010455226,-1.94353750032001,-1.08681349471451,-3.56312349890769,-2.95244035490365,-1.84102308700353,-0.0924707189879195,0.0869457459233205,-2.32952351266578,-3.46366544480302,-2.58373578985891,-3.56492511880261,-4.68020140978982,-2.47646765722716,-2.14670578126062,-0.665921258410241,-1.10692480259044,-1.09637639104032,-1.35447238827072,-1.23328253647254,-1.33922454642442,-0.702337097886189,-1.63142678910462,-0.599365783433296,-1.31933434328127,-1.35826721993203,0.00730139560933551,-1.33533815949286,-0.960853462053685,-1.1072722080033,-1.32443348386322,-1.34887703072989,-0.101563717384908,-0.930162189076784,-0.522515830512244,-2.47831976499227,-3.43368000338486,-2.95778340082239,-3.48631764381927,-3.57803653704659,-3.30181861713063,-0.0072173722954032,0.37644168181662,0.208243106284608,-3.18043487961599,-1.91492065193711,-2.82508786948617,-2.8970119074702,-3.16372139424071,-2.79718508311292,-1.4612355987048,-0.674197191437344
29,OTU_67,7,Bacteria,Proteobacteria,Alphaproteobacteria,Rhodospirillales,Rhodospirillaceae,Magnetospirillum,magnetospirillum sp.,-2.46065603877672,-1.54976078865469,-1.75350641707582,-1.25240030871625,-2.36062688111126,-1.84819236557425,-1.49085996214523,-3.25028222573223,-2.43422999333453,-3.48500508887731,-4.54534566031246,-0.921261483271654,-1.03425453930263,-2.6854513847534,-2.19212882138094,-4.4493333450675,-3.05571407661933,0.473689064369032,0.649282200773494,0.303842548197648,1.17115609398213,0.893452314015753,0.963910722574022,0.938348613498518,0.668511640323691,0.652195084681287,0.0555858806938092,-0.0378410923745127,-0.0114350579645954,0.041817452039191,-0.76779413214343,-0.262103576371895,-0.892817694997023,-1.50269264140931,-1.6699628474598,-2.0030201939823,-0.946006187762023,-3.81815640440463,-2.74474684249863,-1.84102308700353,-0.320086421169629,0.398410649292821,-2.53123713757965,-3.46366544480302,-2.86016001001471,-3.35595650497601,-4.68020140978982,-3.09823616601064,-2.90729949914902,-1.66898192057389,-2.40027653785337,-0.976038594947681,-1.11170974140286,-1.10917510941705,-2.01490657960125,-1.81873467926361,-1.23333059410187,-1.07373799882174,-1.24628767494169,-3.30973991472155,-1.01562820995825,-1.33533815949286,-1.61080365891604,-0.960209441203768,-1.54447533661652,-1.43114537141805,-0.756160654208566,-1.10201061910467,-0.713270948278512,-2.87012294078502,-2.99101122758497,-3.51231829870174,-4.0965991458626,-5.95329350656742,-4.26771599911302,-0.393351613025341,0.13986947225126,0.0891435388343762,-5.90188152465381,-2.36568073628842,-3.47958299353121,-3.27794254973502,-3.53914256841436,-3.65649741441944,-2.73420127451769,-1.71578654613344
30,OTU_222,7,Bacteria,Proteobacteria,Alphaproteobacteria,Rhodospirillales,Rhodospirillaceae,Magnetospirillum,magnetospirillum sp.,0.172278135745904,1.13201442327404,0.882103429563478,1.33044836719797,0.0819061633595082,0.872041401892419,1.4891636516427,-0.243350378054911,-0.00441600110076656,-0.184331187012667,-1.58632790450913,1.54916926384439,1.96024979356604,0.498026297883823,0.261746067816838,-2.023530289051,-1.78873275457653,3.32833968486229,3.2178689587143,3.12974166770319,3.93996609143455,3.95418976207375,3.93127062428687,3.92113362497223,3.9758192481072,3.72516039049545,2.92497677623286,2.78678070434029,2.81324005370978,2.57228057275793,1.55744250379646,2.17393631558673,2.01550954891021,1.08638251428864,1.03478099836134,0.970981692079171,1.56779687198946,-1.37945539426351,-0.604473670991599,0.157605790575323,2.54538768971279,2.99920054628702,0.0998139684751829,-1.09540523895765,-0.0798304249617647,-0.785707750205049,-1.04431646175897,-0.565170625175779,-0.0215005603930543,1.05605000893421,0.819145640288411,1.41979653568326,1.53786926959937,1.56765587988064,0.911075443672261,1.40003791002952,1.3221297799955,1.59029835601312,1.24938771645939,0.552818202465657,1.2775785652719,1.24175326752525,0.88456333488349,1.190411587107,0.856121012207105,1.20724665208159,2.03205845427533,1.41869484325438,1.9197306421093,-0.682481191738302,-1.10338801547049,-1.13092335122056,-1.51685450537199,-1.39640532716941,-1.5710149377639,2.66371717160521,2.93007817469435,2.91769491638134,-0.989801529042379,0.131320834649379,-0.744108009884644,-1.02663198747526,-0.95127948476287,-0.914171231234103,0.110154246091769,1.10752991538012
31,OTU_6,7,Bacteria,Proteobacteria,Alphaproteobacteria,Rhodospirillales,Rhodospirillaceae,Magnetospirillum,magnetospirillum sp.,4.19900460091143,5.09575134991482,4.97449227905624,5.38994463893713,4.25201654843623,4.79707360359133,5.43449203016278,3.73275749017932,3.99835825086781,4.00295413955169,2.56136829365515,5.67106803487931,6.01608664276545,4.44754002937104,4.27557637495145,2.19652344065496,2.46846275707967,7.24858417812254,7.21123224455338,7.02513662098862,7.799300776687,7.71000619576424,7.63224340786331,7.78178820242406,7.72063707215067,7.54083060194706,6.89656342845686,6.72722259666834,6.81981194044351,6.59626213917265,5.71180224844805,6.22302555347563,6.08860095480371,5.23031376490797,5.10500594560532,5.02698490216109,5.66200392472842,3.22855365940771,3.81031075080505,4.03818728027395,6.46984230074927,6.96493490082744,4.03088747440822,2.87788885069296,3.98502339683823,3.22676699349719,3.08295089888883,3.87937568428727,4.45380502896694,5.50538329976999,5.14560388730453,5.50038268337853,5.52071483468002,5.55603061551193,5.03912573437115,5.28539079249129,5.26831060483943,5.64321894980259,5.17116550843962,4.7329945715127,5.77724087876899,5.53412898179101,5.15058683468596,5.30805503323984,5.12977106899141,5.31925201401343,6.08963995782014,5.4663566559394,5.93399512280338,3.65926062862856,3.13350337557186,3.18464740160287,2.89890285038179,2.50251780610599,2.53467559011694,6.56264085583779,6.80572078137404,6.91202418655812,2.93064914532503,4.17362943964004,3.44760333465192,2.90119117884547,3.09811319924047,3.14142415475933,4.70061848988149,5.54223634285247
32,OTU_467,7,Bacteria,Proteobacteria,Alphaproteobacteria,Rhodospirillales,Rhodospirillaceae,Magnetospirillum,magnetospirillum sp.,-2.30924468347845,-1.74152692732023,-1.75350641707582,-1.54841821117109,-2.22902540461305,-1.88696070433035,-1.07675782709975,-2.31889796103318,-2.63093244969065,-2.53948509000963,-3.96048535658063,-0.79864367011768,-0.708420442059147,-2.40686759611193,-2.02770688390367,-4.4493333450675,-5.67735159436323,0.575517029614447,0.434460547082468,0.0512855361958957,1.01193910215999,1.08482499430358,0.939282039265551,1.1201622741643,1.15263833917953,0.844823104742272,0.334528866721513,0.0853830044745827,0.155100340527942,-0.0931489384224289,-0.930391503210198,-0.522949836258155,-0.189275135960188,-1.33037709345318,-1.30899473409767,-1.60404332197534,-0.774043672083589,-3.36009367876185,-3.21489126167292,-2.16584624005324,-0.0268172781814728,0.183624651172752,-2.16174803656736,-3.19194564580054,-2.367408291378,-3.03593411776511,-4.12705899858903,-2.70686304024913,-2.03078201434044,-1.26798117898239,-1.75586663301253,-1.03439843600677,-1.20187181400776,-1.23328253647254,-1.66867407811888,-0.775761883627232,-1.23333059410187,-0.808683115885497,-1.57725339089323,-1.35826721993203,-1.36786801392704,-0.86964842267153,-1.68382486110959,-1.03103982510622,-1.32443348386322,-1.23692175746653,-0.392160669712729,-1.00022904450648,-0.62203390021024,-2.87012294078502,-2.87837323425087,-3.51231829870174,-4.64214524006885,-3.57803653704659,-3.03203634410666,-0.120132545649251,0.241305951374807,0.327194939116765,-3.18043487961599,-2.45053931867438,-2.64935610529607,-4.24078725141639,-3.53914256841436,-2.89821182210382,-1.97206122247079,-1.31568719974142
33,OTU_274,7,Bacteria,Bacteroidetes,Cytophagia,Cytophagales,Cytophagaceae,Pontibacter,pontibacter sp.,-2.00820361945354,-6.04463446304252,-2.74081991612375,-6.19658993138562,-2.00859000850131,-3.92450829798756,-4.54286469230106,-1.6334114850571,-1.70601014198289,-0.922863356982174,-0.857910442832088,-2.70287287882831,-2.94117425730704,-3.07296455808928,-1.44215376824154,-0.167320599341372,-0.00317015626780304,-1.94700779927556,-3.01221965002417,-1.68388723636549,-4.86630889125202,-3.48420933213448,-5.00491091433856,-4.85537945798201,-4.96153013424242,-5.09083059746946,-1.13302625387388,-1.26933767690284,-1.7572141918371,-3.97452083833797,-3.90682046603588,-3.03526814711198,-2.97271097031136,-2.89786891679725,-2.47577960720612,-2.80505977419475,-2.49745788274218,-1.67186188846651,-2.18503050246295,-3.02311094255563,-5.43783851847372,-2.99570287748093,-0.994270900883119,-0.897144884720087,-0.953387749897283,-1.4051245570551,0.10672364494577,-0.265085004599839,-1.16097345492507,-0.232334464070373,-0.654015310717458,-3.35154807299395,-3.46851580294374,-2.6595265573477,-2.81706916078469,-3.81952671453281,-2.68693076249873,-3.48733891955747,-2.25136308335988,-5.29547913258127,-5.58430806339934,-2.89988326064567,-2.15987348460102,-4.11426825830065,-3.52100722575408,-4.29968708085288,-3.07140100509038,-3.04785134847968,-2.54993745340508,-1.15512909801314,-0.937410521855842,-0.640141778276971,0.732035017250329,0.392290712060178,0.371953014652614,-2.06281884170986,-3.70588806664578,-3.24699141022634,0.0123233037044645,-1.22935427657118,-0.538892419928834,0.378152359288147,-0.296447299625099,-0.669070342114847,0.568665497414899,-0.101314741088446
34,OTU_484,8,Bacteria,Verrucomicrobia,Opitutae,Opitutales,Opitutaceae,Opitutus,opitutus spp.,-0.253258879619306,0.889974673815867,0.872420108018162,0.687384243397675,0.110039789459778,0.334649067205237,0.787211281443059,-0.161263499355043,-0.273404960692504,0.014911575151066,0.078960378773175,0.680645833624425,0.926143005849394,0.0731547937073396,-0.341888739571609,0.125114661468122,0.321298045080059,1.08133567596369,1.30972185652448,0.965184212988397,1.99341545811406,1.76478455951475,1.65171035864917,1.76331200239368,1.66641273432732,1.83740858846083,1.07238659153999,0.860542432032313,0.989730064769556,1.88501859136765,1.48521027035985,1.10587615730746,1.23298758871529,1.03569671856862,0.637613007374196,0.127087685576732,0.173704118317229,0.448767812308273,1.24562420900445,1.66485485895974,1.26145413565046,1.44871418663356,0.864317274229728,0.315375485819565,0.775719870350815,0.625846709253239,0.260563038310971,0.368744752721997,-0.239267353346127,0.307292744431334,0.4001869130403,0.895592318186264,0.141136324235492,0.88304479962365,1.1412168240723,1.60286764382325,1.51132029062023,1.50768841581311,1.21992112437755,1.3146282609001,0.963254968712841,1.12219964810953,1.00479481376193,1.54240098293505,1.35515837546479,1.75321033679754,1.04187882478716,0.0431137962933601,0.785736617405827,-0.0759753842840789,0.120760543629502,0.0456556169139519,0.07643592291448,0.277574408913986,-0.0524391404328366,0.840653040378494,1.1556556599771,1.24161424106869,-0.00704182656363272,0.45954629937843,0.204665097110227,0.264090601566611,0.349375479011041,0.170636192955294,0.401292941411461,-0.0325348731286406
35,OTU_115,8,Bacteria,Verrucomicrobia,Opitutae,Opitutales,Opitutaceae,Opitutus,opitutus spp.,-0.741950440523455,0.317055108045406,0.267131214443193,-0.400035630950725,-0.681613804058022,-0.387648407475033,-0.0586364372823978,-1.11046930744326,-0.67271416418394,-1.63621719850125,-1.67237185954612,-0.316053358953102,-0.0474484438860596,-1.17388424443042,-1.16712162141611,-1.30479432797971,-1.04198323759018,-1.40248214895449,-1.02161499922929,-1.05858003827767,-0.160436358191904,-0.375996629008735,-0.258593684277554,0.159200586695189,-0.392501718278169,-0.196277023626821,-1.03571580950405,-1.06667249230494,-0.818160892623561,0.800889303682212,0.357841411697508,-0.0247672818911155,-0.295785371545192,-0.279602316128421,-0.515099862263058,-1.14931888063322,-1.00394254527773,-1.1138334024931,-0.208851842129688,-0.408449838415493,-0.440674741621901,-0.305832006550274,-1.09532788226556,-1.38111206808969,-1.02698413669743,-1.18899056051237,-1.33620235116159,-1.26260129819687,-1.86321193527297,-1.66898192057389,-1.16591944707466,-0.286865690988888,-0.753277102346801,-0.283305671339431,-0.462339285946071,0.0383168012222797,-0.0397663539286777,-0.466894129743531,-0.944545343247834,-0.614873948883999,-0.835036756058297,-0.466587987168442,-0.731850338596066,0.329748560015676,0.52132467299361,0.597335492544603,-0.408349359909838,-0.803232641957416,-0.335836655844444,-1.45482771429174,-1.80765739592202,-1.75147321741078,-1.76927801429452,-1.92310711824366,-1.81874426168577,-0.503980839192082,-0.585810817671036,-0.181555417407647,-1.10016198916855,-0.956745407540074,-0.871815633061245,-1.1114710628652,-1.0408010274584,-0.959017246220218,-1.40927585977409,-1.47807060074157
36,OTU_315,8,Bacteria,Proteobacteria,Alphaproteobacteria,Rhodospirillales,Rhodospirillaceae,Magnetospirillum,magnetospirillum sp.,-1.40287812134047,0.0965879476797697,-0.15537088131071,0.00896289688767471,-0.672905146600468,-0.0659042065574278,0.316358205937548,-0.88823787285598,-0.995777378567513,-1.7406072217686,-1.58632790450913,-0.0246504220658155,0.16302992654634,-0.4497873839065,-0.578497725210305,-1.534273950471,-1.21008712138058,-0.184802438737327,-0.377395030816442,-0.717269450147088,0.340530531675087,0.37820424973234,0.197734289630979,0.429551998584236,-0.0210535378543231,0.206689214577423,-0.554419121768773,-0.60480505168075,-0.731779047075109,0.704451953822962,0.221096317471897,0.359011707450192,0.319912379958131,-0.212706210283068,-0.292713166719506,-0.157403536713805,-0.191858038094207,-0.549582051590927,0.337960208940502,-0.476943401733732,0.47796699262126,0.623758598640777,-0.887986415566198,-1.50522334108735,-1.00184535381781,-0.99344876207755,-1.63829568730719,-0.596075865620194,-1.00553073886862,-0.546673555070007,-0.964758374414761,-0.509014191402739,-1.02900879220086,-0.322387646017932,-0.491970132156449,-0.348331049650192,-0.371139582594536,-0.278932622792032,-0.893762611925589,-1.04514655172715,-0.835036756058297,-0.752666302227459,-0.924749418493294,0.291373911609411,0.191850486679329,0.348956317535356,0.314758680982032,0.20776058204696,0.287182980107588,-1.37107220527904,-0.952822143312122,-1.42779662891185,-1.61734642949088,-1.36285365888581,-1.41866164152941,0.257087412352536,0.634905706838265,0.617210515625749,-1.53100883063441,-0.711153546175746,-0.685891303826542,-1.39638000053327,-0.96855412246158,-0.857343238029229,-1.22484682064057,-0.756400628934063
37,OTU_13,9,Bacteria,Bacteroidetes,Bacteroidia,Bacteroidales,Bacteroidaceae,Bacteroides,bacteroides spp.,3.39077262783162,2.54523691076054,2.33070737635379,1.37308638161721,2.01670614486713,2.86553513987574,2.49311654787315,2.95678239695691,3.39236607680627,2.70410639632326,3.68707219557276,2.05953976050008,2.35026216467518,3.27585044460085,2.6604006461526,3.17149905027748,3.75185581822485,3.70324725297379,3.18961887971997,3.5256960872977,1.78657072412538,1.90316281845216,1.10015974644888,2.51637669645057,1.87308615196453,0.715511236728312,2.95284742374618,1.22372898677001,1.84579367869013,-0.0772210940707181,1.89375249281787,1.96420755961098,2.61941203319372,2.33593634216398,2.99797859402348,3.00098688918643,3.94561211148998,3.67274544589363,2.7062569335377,0.790616507033675,0.899452185520497,0.413169351110454,2.20835704404397,2.91248310162035,1.25624172968508,2.53082385738038,2.4885106520946,2.32416537246038,3.28897593545296,3.25285520431426,2.80396162949184,2.30895126204263,2.36858152766504,2.23922666392484,0.284089838284123,-0.0498444389871642,0.1956779552558,0.0157549481243651,-0.256515561769196,-0.11953255655295,0.200799130845239,1.01506540816412,0.508286803690245,-0.271315542359643,-0.79893497845056,-0.859192237990352,-0.408349359909838,-0.399980327514903,-0.417692730521678,-0.0399586789521527,-0.0590296725051287,1.11063104726413,2.19506011181752,1.6198536779452,2.81162683781902,-0.270327480744449,0.318622969975723,0.19410860931545,2.40074443934656,3.00595735240204,3.45212502906199,1.54623791945796,3.08367855046256,2.79465769576551,2.34601930814446,2.98219992741539
38,OTU_30,9,Bacteria,Bacteroidetes,Bacteroidia,Bacteroidales,Bacteroidaceae,Bacteroides,bacteroides spp.,-0.63108627965344,-0.922486081023929,-1.48064980349678,-2.86537395639978,-2.15002342733397,-1.05210650826566,-1.45487168950907,-1.0238378779891,-0.194312687790928,-0.648482744274225,0.301701110421472,-2.30795869624782,-1.62485291815322,-0.104645511235153,-0.614739340559118,-0.308298340153317,0.440563483188942,-0.164305588277227,-0.541224782390719,-0.371491762256099,-3.37907575734954,-4.9264706180847,-2.38865606421078,-1.87480599329282,-4.96153013424242,-2.67518905085297,-1.09952620168732,-2.04410643585987,-2.61729878867793,-3.97452083833797,-2.75471751996938,-1.11542331311227,-0.952925615814699,-1.18343536171437,-0.785075062509099,-0.712312618967038,0.49110715480715,-0.314223346404565,-1.26865933618767,-3.62502021073548,-2.71489235728451,-5.16543554132567,-1.74642865972258,-0.634981017474235,-2.367408291378,-0.958542915407942,-1.00611013200726,-1.0813964041219,-0.601847355310817,-0.34387625613224,-1.05121749128387,-1.4356676040705,-1.67573333136247,-2.22121176583872,-3.77204751207173,-3.81952671453281,-5.44698175363121,-5.37018675358347,-5.52906473200615,-5.29547913258127,-5.58430806339934,-2.23455704433376,-4.08116183025691,-3.52586722108682,-4.10820850070222,-5.70642852924657,-5.8224498392984,-3.04785134847968,-4.3781373510329,-3.31599581574076,-2.68523381070975,-2.28599443289292,-1.51685450537199,-1.66932505477132,-0.343213258542011,-3.85898094614187,-5.4933787647533,-3.24699141022634,-0.989801529042379,-0.393936639115891,-0.0474318585361377,-1.83207762636415,-0.323502842237042,-0.5814935577837,-1.38427455756867,-0.674197191437344
39,OTU_11,9,Bacteria,Proteobacteria,Alphaproteobacteria,Rhodospirillales,Acetobacteraceae,Acetobacter,acetobacter spp.,3.80231244938034,2.39160150084438,2.36044241440484,1.86780755496019,1.78666874836068,2.60514390381096,2.46405458727581,3.89015828097098,4.17192558717593,3.48466071536093,3.26060069181991,1.52827204826536,1.4563869805372,3.28491435327345,3.2726731964121,2.68430373425511,3.12472578541848,3.19448110951517,2.99506950383471,2.94957046987455,2.0321810966721,1.9273177842995,1.72251819663217,2.52806542498931,2.38721027344968,1.96831652658923,3.005275197035,2.74060355296368,3.00750130371896,1.02365919202013,1.03469922296657,1.04044884705572,1.82110913210635,1.45191003905929,2.35911669693266,2.9713497300615,3.03086206954539,4.94005938404764,4.00336739911485,0.230086522517963,0.631732385824627,0.945687372941995,0.00419421033308165,2.17657004998897,0.209624174304888,1.96634210145033,3.27959649331305,2.79282924113568,4.17601566424386,3.3454736109975,3.30543454612535,2.79189250010637,2.42032630821935,2.50977482370801,2.02314645163142,1.46288555165639,1.77562805796451,3.15241571535828,2.49801076708699,2.89897991979524,3.91494877892394,4.30001681420532,4.41064638695327,1.81296865278359,0.915677997865593,1.16978024689203,2.63192278009645,1.5229060065558,2.02146811868018,2.95949878212765,3.35892034322017,2.98364099085326,4.15419958410375,3.15065586560452,4.02829233932555,2.34103461899182,1.5585379259206,1.11395114434669,3.84788800070219,3.82248115291621,4.16400684320974,4.06519881577123,4.09114792571175,4.25969686862795,3.97991146361554,4.18488743519445
40,OTU_116,9,Bacteria,Proteobacteria,Alphaproteobacteria,Rhodospirillales,Acetobacteraceae,Acetobacter,acetobacter spp.,-0.367413974160822,-2.07260316469571,-1.89789417447305,-2.71634344916986,-2.62775203867355,-1.42137647917102,-1.73914458825621,-0.196917425421289,0.42384691602798,-0.765859056240878,-1.54593187232268,-3.04614389557425,-3.08791687209159,-1.04135217744438,-0.964652610129381,-1.89228708276671,-1.55666352473117,-1.15568295639119,-1.10742057907617,-1.40186553787731,-2.80583723590494,-2.08439932284035,-2.38865606421078,-1.20736834579989,-1.16859420585251,-3.2827917411137,-1.92065987231968,-2.14670135848549,-1.45998467021815,-2.5600900797389,-3.54707245179459,-3.40099902291977,-2.31321608384249,-2.89786891679725,-2.1728168621661,-1.56374220951474,-1.44693092245149,0.527103416847249,-0.540393101316107,-3.62502021073548,-3.69008249577738,-2.6290507225342,-5.98867183897199,-2.35529253957924,-3.24348264254334,-2.36373723656024,-1.08404070085389,-1.84808993534037,-0.0264047414734065,-1.11510970174228,-1.61944732367066,-1.52972242734846,-1.67573333136247,-1.98522465038784,-2.54888359430304,-3.81952671453281,-2.68693076249873,-0.932454382666286,-2.73735637146962,-1.81663727415533,-1.23618220637272,0.042309726453202,-0.271403028242383,-3.15790624438746,-3.52100722575408,-5.70642852924657,-1.7976085230801,-2.72941970491851,-2.2426741821647,-1.3446432396348,-0.952822143312122,-1.38274107857349,-0.214753944932142,-1.02928517511842,-0.280916097146678,-2.60244310484597,-2.45373641286553,-3.24699141022634,-0.224624003937927,-0.227390412310078,0.076036048571237,-0.236435046238052,-0.171168780974146,0.145623231874787,-0.327685258675412,-0.224274342495659
41,OTU_12,10,Bacteria,Bacteroidetes,Bacteroidia,Bacteroidales,Porphyromonadaceae,Paludibacter,paludibacter propionicigenes,4.74234614564912,3.91428979251446,3.85985439451297,2.8862547265568,3.27704070939415,2.71526017323538,2.19682482236506,4.28827382538961,4.14178068002859,4.10871681220139,4.12399808426589,1.72680953797362,1.52298874157105,1.26732792019154,1.96108822846212,2.27955368011283,0.96862796430675,5.12303172622937,4.72186340364559,5.10601358386789,2.99449348268519,3.61651473658842,2.95744917326622,4.62639361030859,3.1681831143469,2.6784181892816,5.14177744083503,3.36448651579558,3.7471718443891,2.01985817206162,1.80044599599354,3.40827515746857,3.98018282787595,2.44601411140018,3.83978876198211,3.21592710813375,2.23610859598251,3.64612734008202,0.781841388572686,-0.344348416530195,0.370061530434853,0.681406219495624,-0.0196985113401711,0.845407724754843,0.650714102204825,0.125060256655215,1.9200444328294,0.533755122329204,2.46646368462113,1.89309474697868,0.868019702296267,3.77039470801585,4.06280076732316,3.9752259891861,2.13353959827964,1.47899862522933,2.12149296789054,1.63677525088786,1.32216909152029,1.59347155060056,1.97020214033086,2.75925149815409,2.64485775766699,0.771419031168352,0.52132467299361,0.508951470291516,0.815162578674082,-1.02471980540782,-0.60474448868397,-0.269597984455123,-0.781922303950021,-0.521656844346181,1.61263333912033,-0.293425409761563,0.697748365842142,-0.770503513303504,-0.934101771633831,-0.752896607604825,-0.10992680130837,-0.428505724899544,-0.360501125246087,0.615196150787416,-0.323502842237042,-0.231359791623029,0.429866313855517,-0.364500938896538
42,OTU_15,10,Bacteria,Spirochaetes,Spirochaetia,Spirochaetales,Spirochaetaceae,Spirochaeta,spirochaeta spp.,2.59738595011837,1.13994493155066,0.508742838091763,0.852508312091513,0.961678571943759,1.17814940922475,0.555856770815756,2.18767852507543,2.36741062558702,3.23749559586436,3.26350977700163,-0.389938719152239,-0.294826119739438,0.785332965350452,-0.00518062006164222,1.96957490510237,-0.820782077975217,1.12698233643515,0.772785730491073,0.598168786642697,0.13271210019158,-0.0573218355587288,-0.204983599907314,0.817380789314423,-0.0210535378543231,-0.122703998173188,1.61955690390372,0.163412116831052,1.14370379674525,-1.07707465108267,-1.15182805672495,-1.36976233301265,-1.76837676275424,-2.33316809359125,-1.79616048473117,-3.12437309767609,-2.80615103260708,-5.87007814980446,-5.52086127320328,-1.16263072333333,-1.30040012150115,-1.82803738732072,-2.21460618342269,-2.72517812731143,-2.18965671772722,-3.1831977788406,-2.64570838530095,-2.70686304024913,-6.23798271539431,-5.98422893701175,-3.85122893351513,0.41139173073058,0.574145216567818,0.154542607797991,-0.491970132156449,-0.941079051546613,-0.6959376734409,-0.698557700491738,-0.944545343247834,-0.232183367819547,-1.01562820995825,-0.647946980915234,-0.76152545748584,-1.54804331865702,-1.60798209245254,-1.67241190919495,-1.61826911832031,-1.76005570751811,-2.15816667218789,-2.75687317544484,-2.38419192425794,-2.00372395971733,-2.53126506435214,-2.0459035949848,-2.49591565251549,-1.81750540374893,-1.66975039806826,-1.73066816859269,-3.18043487961599,-2.5432722476406,-2.57185954132013,-2.40625668336778,-2.28471700659214,-2.47194385872838,-4.680111423573,-0.756400628934063
43,OTU_22,10,Bacteria,Firmicutes,Clostridia,Clostridiales,Ruminococcaceae,Ruminococcus,ruminococcus spp.,1.34726246140097,-0.478348037211744,-0.46038523859725,-1.97076637900012,-1.18183084173027,-1.64267623795977,-1.78725431016495,-0.906519418784032,0.286796762061218,-0.196003156827133,-0.857910442832088,-3.8359509509452,-3.7306895720471,-3.07296455808928,-4.43228164558384,-2.35271531659401,-5.67735159436323,0.51567248836226,0.301371100462029,0.0122240901187896,-1.12630800057722,-1.24353354005601,-0.999240853742818,-1.87480599329282,-1.38612121946793,-1.13988005454137,-0.302483009054352,-0.727641743871652,0.0183187653916228,-2.5600900797389,-2.90183296543141,-5.5477302558155,-5.6880168008512,-3.7399596068645,-4.63565114752118,-5.94541484170054,-6.14114769522247,-5.87007814980446,-5.52086127320328,-3.62502021073548,-3.69008249577738,-5.16543554132567,-4.77546195727027,-4.98028793045321,-4.4498815764731,-4.75967046805665,-6.02231881506693,-6.26881086542244,-6.23798271539431,-5.98422893701175,-6.06807834870509,0.0484681308809325,-0.125434076165363,-0.245693822072034,-1.49044310331811,-2.21072515324842,-2.02593935206255,-2.22221509586964,-1.48369199901027,-1.63946949378872,-1.69845716420595,-2.23455704433376,-2.82883750267285,-2.50372474732725,-2.49982453704113,-3.11637231280056,-5.8224498392984,-4.43390277866183,-5.74893814171203,-4.69884493608884,-4.79032019001321,-4.32390728205078,-4.0965991458626,-4.50607839306826,-5.94742657699091,-5.67757120964364,-3.10014123828946,-5.44396748217779,-5.90188152465381,-4.61886574234639,-6.05885488947474,-5.8992487941688,-4.68927930261827,-4.7983348652573,-5.77872371224111,-5.84757287288251
44,OTU_43,10,Bacteria,Proteobacteria,Deltaproteobacteria,Desulfovibrionales,Desulfovibrionaceae,Desulfovibrio,desulfovibrio mexicanus,0.0800379863156628,-0.401670344158695,-0.920743638796552,-1.90714160613705,-1.91426643361972,-2.60827134061121,-2.95844019831237,-3.25028222573223,-4.0615389267318,-4.47834057884965,-3.59388838417022,-3.36501921072748,-3.46787757489315,-6.00337219194449,-6.26159777478613,-6.02522838875602,-5.67735159436323,-0.470486830172988,-0.737256385476439,-1.002093026043,-1.79597883768365,-1.91184275110195,-2.65227140064991,-4.85537945798201,-4.96153013424242,-5.09083059746946,-2.51726253108454,-2.26103812398004,-2.61729878867793,-3.3987303042822,-3.54707245179459,-3.98362006633901,-5.6880168008512,-5.86699517797453,-6.09237820406027,-5.94541484170054,-6.14114769522247,-5.87007814980446,-5.52086127320328,-5.37142992459067,-5.43783851847372,-5.16543554132567,-5.98867183897199,-6.22286885441342,-5.96617870618933,-6.21884614251406,-6.02231881506693,-6.26881086542244,-6.23798271539431,-5.98422893701175,-6.06807834870509,-1.39176214061394,-0.916519414536376,-1.20078207325276,-1.88571296046146,-2.864504734444,-2.68693076249873,-2.87331945891323,-2.46512209770793,-3.30973991472155,-1.69845716420595,-2.89988326064567,-2.15987348460102,-4.11426825830065,-5.71239326727898,-3.11637231280056,-5.8224498392984,-5.8192260057554,-5.74893814171203,-6.07147581817678,-6.06607975225754,-6.12161526617134,-5.93513302079282,-5.95329350656742,-5.94742657699091,-5.67757120964364,-5.4933787647533,-5.44396748217779,-5.90188152465381,-6.10769733829508,-6.05885488947474,-5.8992487941688,-5.9606091411994,-6.03910874254721,-5.77872371224111,-5.84757287288251
45,OTU_20,11,Bacteria,Actinobacteria,Actinobacteria,Actinomycetales,Nocardioidaceae,Propionicimonas,propionicimonas paludicola,-1.95751951331521,-0.296664126544432,-2.00721214774202,-1.63847811010282,-2.22902540461305,-2.26710475765242,-2.95844019831237,-1.28287898064099,-2.87604271557251,-0.433405831603626,-1.33280153890469,0.801227107412633,-1.2112105804445,-0.234317748805244,-2.06634792994454,-0.651044248114974,-3.31945707417144,-1.94700779927556,-1.701577709662,-1.79885205481395,-3.37907575734954,-2.91684796313535,-2.38865606421078,-4.85537945798201,-2.0516493689998,-2.67518905085297,-2.8346888064632,-4.14430342059794,-3.4055135223987,-2.23911731899799,-1.83648368425098,-3.03526814711198,-2.97271097031136,-2.13781934876774,-3.70585018414067,-3.33274038741207,-2.49745788274218,-1.7064168396891,-2.74474684249863,-1.71116003902928,-1.66105497839486,-2.15039795189594,-1.56084380842933,-1.40075684434017,-1.55008280940037,-1.75451744933588,-1.31046336534673,-1.52295870667787,-3.33905146700443,-2.17093816176723,-3.85122893351513,-1.06490733199079,-1.84007290043711,-2.98117417433144,-3.18464583080659,-2.0623270984974,-2.30278753915597,-3.48733891955747,-5.52906473200615,-1.81663727415533,-2.58441703457388,-5.8025797450073,-4.08116183025691,-2.88951723512983,-3.52100722575408,-4.29968708085288,-2.86111188847878,-3.87442580117865,-3.82075465718079,-2.99785587770788,-2.87837323425087,-0.987587721339798,-4.0965991458626,-3.57803653704659,-2.81978851274387,-2.87484790088624,-1.66975039806826,-1.83332158538191,-2.12666622109357,-0.514141608956399,-0.885531339753729,-2.40625668336778,-1.45199735118495,-1.44064550974158,-2.41142788225464,-2.39300705692066
46,OTU_7,11,Bacteria,Proteobacteria,Gammaproteobacteria,Enterobacteriales,Enterobacteriaceae,Citrobacter,citrobacter werkmanii,2.54730181850684,5.13285807643817,5.34216236871218,4.09934935817169,4.58007134150687,3.37570589378126,2.84528911579379,2.6205738001053,2.63317729606366,2.13484079318746,2.82594597950367,3.07487473054589,4.01655410648703,3.91974914909619,3.34735673421644,4.16664341927196,4.50934666546787,2.29111340869413,2.07170677596208,1.93147029666899,1.8590068961355,2.10775697875395,2.11355551868097,2.24830615668354,1.61940897476875,1.91891181989991,1.3829384158945,1.10141192865742,1.42635092116937,4.28274332675854,4.53849946333013,4.69098214719206,5.02653245090682,5.2643305179117,4.4638005471453,3.85867371738093,1.95161267061162,2.99623147947794,4.76183900098104,4.20859458064607,4.76435741867186,5.92170112350798,4.19639512158992,3.92806462991144,3.56050434067311,3.58927386397383,4.39941927394216,4.03309951547998,2.96000409827651,3.61869586500625,3.4007791065741,5.32160886312866,5.47494662800583,4.58087943340471,2.24275741720146,2.89312085907613,3.59080940518244,2.5341800745849,2.55783180248809,2.42357340778578,1.67601033126525,2.14389899727883,1.6766018308378,2.87275408924063,1.53451102544322,1.78638235652552,1.14022098186782,0.986309733087196,1.36286422372836,1.18544948646464,0.610368937762944,0.735107547773131,0.587576919763609,0.806638526263321,0.602568205677252,3.85463335503999,4.4362891701896,4.61679965950184,3.59481416561204,3.70319939393228,3.50244869358217,3.43337631303323,3.44101453310441,3.64350875509033,3.3365364534848,1.75116793551348
47,OTU_36,12,Bacteria,Bacteroidetes,Cytophagia,Cytophagales,Cytophagaceae,Pontibacter,pontibacter salisaro,-2.54592810814628,-2.57095021441425,-3.18845195337153,-3.89492744082446,-1.94472967367193,-3.92450829798756,-4.54286469230106,-2.39766957086513,-2.52775251660307,-3.48500508887731,-3.32622198758881,-2.12917899871138,-2.13991099189784,-6.00337219194449,-2.44494508665192,-2.023530289051,-4.24475620594461,-2.60580573990765,-2.74912457415991,-2.25377305224774,-2.44376473939979,-1.63650254979817,-2.00785121337024,-1.87480599329282,-1.66451193319226,-0.881964843539688,-1.99849902357534,0.255543549589718,-0.274802041974493,-2.1104791963377,-2.31825598924359,-5.5477302558155,-4.17788939625776,-3.37503531796193,-4.63565114752118,-5.94541484170054,-3.46430304480602,-2.8090952573397,-3.57172713266247,-3.62502021073548,-5.43783851847372,-5.16543554132567,-1.71300639986399,-2.72517812731143,-2.86016001001471,-2.4362179720355,-1.1467523033037,-1.64960809906018,-1.71973286488085,-2.01994609569383,-1.87197558682196,-4.2925945892172,-2.82130393710468,-2.22121176583872,-2.81706916078469,-2.59631274819806,-2.68693076249873,-5.37018675358347,-1.92572499307446,-2.68770164508143,-2.58441703457388,-2.23455704433376,-1.41914529439782,-2.67813075431312,-2.00523117897272,-3.11637231280056,-4.28241307712403,-3.87442580117865,-4.3781373510329,-3.52336974017946,-3.63900679513779,-2.60314806333415,-1.45506501946472,-1.66932505477132,-1.41866164152941,-2.60244310484597,-2.45373641286553,-3.83475322181082,-2.30441183296403,-6.10769733829508,-2.25497141399848,-2.34362057984079,-3.3339168475577,-3.2822853727576,-2.28221615077463,-1.47807060074157
48,OTU_51,12,Bacteria,Bacteroidetes,Cytophagia,Cytophagales,Cytophagaceae,Pontibacter,pontibacter spp.,-1.95751951331521,-2.96103294096211,-2.19749591635525,-2.86537395639978,-1.30444133968752,-2.69308604874226,-2.37347182091559,-1.67232464059688,-2.00524696502375,-1.3383807577948,-1.71833948254883,-1.53113983705448,-1.70085747718221,-2.01058431122924,-0.853264973221796,-0.804422776385725,-0.981929515905425,-1.55325973105333,-2.22203577720277,-2.73833425460413,-0.531028220964408,-0.902651102704637,-1.33998782735325,-1.48640692322753,-0.392501718278169,-0.275695988286598,-0.865592186283613,0.489859788706567,0.0280431750231243,-2.1104791963377,-1.36599486841727,-1.36976233301265,-1.76837676275424,-1.45675113518216,-1.45717775873429,-1.48770785138074,-1.77359933733292,-0.679263169569631,-0.387224452819224,-0.762132666139192,-1.90584893469573,-1.69895704585339,0.253640475510051,-0.153760304053597,-0.48885004019031,-0.0317027964690135,0.249944618617577,-0.0301069807360035,-0.251506805191053,-0.330850300506572,-0.317081210255115,-2.70200220204769,-2.43163177797581,-2.31411610726297,-2.33762304950209,-1.71609101613727,-1.71643785099577,-1.83116645202342,-1.48369199901027,-1.13903179816273,-2.19568870624533,-1.33533815949286,-1.47904079036023,-2.35526663991452,-1.42841427897108,-1.52079344420647,-1.46625400510232,-1.45105680476095,-1.877402736798,-1.3446432396348,-1.23850074015592,-1.0331210714897,-0.268157741226536,0.176687604531018,-0.153498001974614,-1.03065199290661,-0.987587516115665,-1.00159250904058,-0.678126710929884,-1.33968506367789,-0.685891303826542,-0.889995091276792,-0.869117701100866,-0.990072369849633,-0.788291125462376,-0.884174134722122
49,OTU_211,12,Bacteria,Bacteroidetes,Cytophagia,Cytophagales,Cytophagaceae,Pontibacter,pontibacter sp.,1.5047160291549,0.497588416422379,1.01711396032374,-0.000151071316858875,2.22581694149799,-0.255549531814417,-0.399353116325213,1.91991638423076,1.66037668932039,2.37604125131197,2.49679756342253,1.62354062013315,1.42914322541636,1.30960148660526,2.66735385248702,3.10104060018436,2.61926355009211,0.494901086172642,0.290360538913993,0.74243973508846,0.92169029286617,1.23181391149604,0.64133918816882,0.679739708019825,2.13448353533489,2.49186366866038,1.79448238626143,3.43364658552348,2.89629504062673,-0.249216157557316,1.60576889743629,-0.30112175572541,0.229174781512934,1.07216109590187,1.1110949314834,1.48391388780528,0.905014276218616,2.46672193563489,2.29243884251939,1.22165950407862,-0.238321287777866,-0.4003671310578,3.6168292458229,3.1264246582027,2.47797298732235,3.05489892959503,4.35729277504709,3.32648925227956,3.68856662764442,3.81109333404575,3.44725733679872,-0.5637925300797,0.814398635038663,1.20084183524306,1.02288377541162,0.818290441788363,0.715534322793778,-0.599365783433296,1.5043142745417,1.46373777793765,1.54735792336658,1.70293974492661,1.73533700693321,0.261594525992847,1.66440822142331,0.40518074175217,0.376187553870809,1.09321757800885,0.593414142091643,2.12716796293624,2.02933730922701,2.66407457810146,4.1360341389979,4.24363326507679,4.11830642021308,1.91251889056334,0.431099326694007,1.35925851286521,3.66731560388513,1.26593318544752,2.91650132617603,3.03330159485905,2.69151138371622,2.25325469727011,3.05575889637956,3.51130419126263
50,OTU_224,12,Bacteria,Bacteroidetes,Cytophagia,Cytophagales,Cytophagaceae,Pontibacter,pontibacter spp.,-1.81926889977006,-2.17587307447448,-2.52524618126749,-3.04057103109521,-1.18183084173027,-3.65963767329005,-3.60653855632471,-1.52500803964448,-2.00524696502375,-1.37587158658144,-1.87046732934771,-1.53113983705448,-1.74114185228223,-2.6854513847534,-1.00472076882845,-1.0366168019788,-1.85626429405467,-2.60580573990765,-3.37025323371867,-1.79885205481395,-2.44376473939979,-1.52286755415388,-3.01127392466732,-1.87480599329282,-0.838579735813937,-0.560679661080679,-1.5495649134256,0.119572179471337,-0.445830232350672,-3.3987303042822,-1.68475181356553,-3.98362006633901,-3.23857130863238,-2.57617626374188,-2.91252491748476,-2.2061922370013,-2.49745788274218,-1.51500880660345,-1.68854115819714,-2.37890698539303,-5.43783851847372,-2.6290507225342,-0.169402873244394,-0.489307674725713,-1.13437972875907,-0.689483436707182,0.365736735569297,-0.391046347916779,-0.282777322265024,-0.411679636875955,-0.703797372310227,-5.81279042913769,-3.46851580294374,-1.98522465038784,-2.81706916078469,-1.93313199640427,-2.47652571067674,-3.48733891955747,-1.92572499307446,-2.03209962381587,-2.19568870624533,-1.83854029212955,-1.76260116143604,-3.15790624438746,-1.6757971056416,-3.11637231280056,-3.70264358652739,-2.29412242239562,-3.20309214324207,-1.48438115027322,-1.60956175852429,-1.08082702684627,0.0699372564112828,0.290288526237906,-0.0286932752712357,-1.53510390229612,-2.45373641286553,-1.55242105061687,-0.177155173804971,-2.45053931867438,-0.818760007676127,-0.834786163822255,-0.986132426681176,-1.60138943403153,-1.22484682064057,-0.569403377512395
51,OTU_10,12,Bacteria,Bacteroidetes,Cytophagia,Cytophagales,Cytophagaceae,Pontibacter,pontibacter spp.,2.22746088397461,1.26942377783067,1.8939395968416,0.913081862515487,2.97598650239516,0.553240884398843,0.153439287211723,2.35226000838449,2.32699202435757,2.80011062341004,2.77202479184231,2.46049119072121,2.31885313673691,1.79257530792693,3.22800118063398,3.58775727845265,3.05416603014053,1.62254407803762,1.21773099125047,1.64204106550774,2.01825775445917,2.28231093309438,1.82699901913602,1.55598070791113,3.02256765171238,3.57443200008371,2.61232508664079,4.26326722474488,3.72101310143689,1.01839004457683,2.44473530204892,0.14167215294649,1.05433753345453,1.83902490249667,1.77528970417445,2.16164559371301,1.56322923184645,3.13867543057773,2.7126757905837,1.86422946186697,0.425469004561685,0.470117863348908,4.31391623408547,3.77646688875202,3.14544249392619,3.5590316840746,4.81941684103396,3.90608521835888,4.10706170724555,4.01117412419001,3.82677656190678,0.425448764728544,1.63920053009277,2.06858140274899,2.06131437288361,1.70990336226989,1.77832514755965,0.680694159807367,2.16499539428306,2.40667916993194,1.62086379485769,2.31953592400972,2.32235095722351,1.07225448585968,2.60585887416487,1.19801082699942,1.03804406533096,1.85502554306557,1.44339703853131,2.80219107950137,2.62526415344344,3.30660554444924,4.54245343263647,4.68897065825112,4.55228812275156,2.4892919434423,1.16207824724609,2.1886385857222,4.13026223920035,1.86154686507441,3.32919492916235,3.52994302301352,3.18115105010671,2.81170715481757,3.40967775221632,3.86060207600144
52,OTU_457,12,Bacteria,Bacteroidetes,Cytophagia,Cytophagales,Cytophagaceae,Pontibacter,pontibacter spp.,-1.43167011698771,-2.96103294096211,-2.26992066766459,-2.86537395639978,-0.951011498691964,-3.4504350173811,-2.95844019831237,-1.28287898064099,-1.10775003642978,-0.594586824585974,-0.857910442832088,-1.50157383889983,-2.20311568289275,-1.85907256904406,-0.274012001256612,0.149356166727019,-0.749004153240544,-2.87122677036657,-3.93327371887564,-3.11191013313641,-2.80583723590494,-2.29307189210634,-2.18023557352374,-4.85537945798201,-0.990034609712499,-0.122703998173188,-1.13302625387388,0.474265614017087,-0.163348650326633,-3.3987303042822,-1.59504434913069,-3.03526814711198,-2.58955442766748,-1.83408837479487,-2.1728168621661,-1.64603706780608,-2.01520512639722,-0.785404021386692,-0.911968306145048,-1.99030347996318,-3.08804471002906,-2.3613550624547,0.826137214858361,0.367487658651463,-0.376500563603697,0.0339794778098481,1.53070103911624,0.167368273210645,0.612683840093909,0.670229093423981,0.408612740293845,-3.35154807299395,-3.09343860496875,-2.13620968507631,-2.54888359430304,-2.864504734444,-1.8093529224017,-5.37018675358347,-1.92572499307446,-1.81663727415533,-2.19568870624533,-1.55561608666201,-2.0448139260925,-3.52586722108682,-1.02755566171307,-2.90834561206173,-2.539535657766,-1.70962595270334,-3.20309214324207,-0.709753325023024,-0.907282036934272,-0.275314865880294,1.13819679084853,1.43696622300501,1.31356328435606,-1.03065199290661,-3.10014123828946,-1.63757835172757,0.855328814146468,-1.53202189378329,0.0273541766094416,0.204156674942349,-0.147892027793667,-0.491348593390072,0.0354068195839545,0.320747066895763
